Workbook
Name tier: Dex!$B$3:$B$1177
Name cost: #REF!
Name mons: Dex!$B$3:$B$1177

Sheet Main
B2: Check the different tabs at the bottom to navigate through encounter tables, or click/tap the links in the boxes on the right to access these tabs. | D2: Grass & Caves | E2: Fishing & Surfing | F2: Safari Zone | G2: Fossils
D3: Statics & Special Pokémon | E3: Raid Dens | F3: Egg Vendor & Game Corner | G3: Trades
D4: Gifts | E4: Mystery Gifts | F4: Unobtainables

Sheet Grass & Caves
C3: =Source!$C5 | D3: ROUTE 1 | H3: =Source!$C5 | I3: VIRIDIAN CITY | M3: =Source!$C5 | N3: ROUTE 22 | R3: =Source!$C5 | S3: ROUTE 21A | W3: =Source!$C5 | X3: ROUTE 2 | AB3: =Source!$C5 | AC3: VIRIDIAN FOREST | AG3: =Source!$C5 | AH3: FOREST EXPANSION | AL3: =Source!$C5 | AM3: DIGLETT CAVE | AQ3: =Source!$C5 | AR3: PEWTER CITY | AV3: =Source!$C5 | AW3: ROUTE 3 | BA3: =Source!$C5 | BB3: MT MOON 1F | BF3: =Source!$C5 | BG3: MT MOON B1F | BK3: =Source!$C5 | BL3: MT MOON B2F | BP3: =Source!$C5 | BQ3: ROUTE 4 | BU3: =Source!$C5 | BV3: ROUTE 24 | BZ3: =Source!$C5 | CA3: ROUTE 25 | CE3: =Source!$C5 | CF3: ROUTE 5 | CJ3: =Source!$C5 | CK3: ROUTE 6 | CO3: =Source!$C5 | CP3: ROUTE 11 | CT3: =Source!$C5 | CU3: DIGLETT CAVE B1F | CY3: =Source!$C5 | CZ3: ROUTE 9 | DD3: =Source!$C5 | DE3: ROUTE 10 | DI3: =Source!$C5 | DJ3: ROCK TUNNEL 1F | DN3: =Source!$C5 | DO3: ROCK TUNNEL B1F | DS3: =Source!$C5 | DT3: ROUTE 7 | DX3: =Source!$C5 | DY3: ROUTE 8 | EC3: =Source!$C5 | ED3: PKMN TOWER 3&5F | EH3: =Source!$C5 | EI3: PKMN TOWER 4F | EM3: =Source!$C5 | EN3: PKMN TOWER 6F | ER3: =Source!$C5 | ES3: PKMN TOWER 7F | EW3: =Source!$C5 | EX3: ROUTE 16 | FB3: =Source!$C5 | FC3: ROUTE 17 | FG3: =Source!$C5 | FH3: ROUTE 18 | FL3: =Source!$C5 | FM3: ROUTE 12 | FQ3: =Source!$C5 | FR3: ROUTE 13 | FV3: =Source!$C5 | FW3: ROUTE 14 | GA3: =Source!$C5 | GB3: ROUTE 15 | GF3: =Source!$C5 | GG3: ROUTE 23 | GK3: =Source!$C5 | GL3: SEAFOAM 1F | GP3: =Source!$C5 | GQ3: SEAFOAM B1F | GU3: =Source!$C5 | GV3: SEAFOAM B2F | GZ3: =Source!$C5 | HA3: SEAFOAM B3F | HE3: =Source!$C5 | HF3: SEAFOAM B4F | HJ3: =Source!$C5 | HK3: MANSION 1F | HO3: =Source!$C5 | HP3: MANSION 2F | HT3: =Source!$C5 | HU3: MANSION 3F | HY3: =Source!$C5 | HZ3: MANSION B1F | ID3: =Source!$C5 | IE3: POWER PLANT | II3: =Source!$C5 | IJ3: CERULEAN CAVE 1F | IN3: =Source!$C5 | IO3: CERULEAN CAVE 2F | IS3: =Source!$C5 | IT3: CERULEAN CAVE B1F | IX3: =Source!$C5 | IY3: MANSION 4F | JC3: =Source!$C5 | JD3: GOUGING'S ROOM | JH3: =Source!$C5 | JI3: VICTORY ROAD 1F | JM3: =Source!$C5 | JN3: VICTORY ROAD 2F | JR3: =Source!$C5 | JS3: VICTORY ROAD 3F | JW3: P O S T - G A M E | JY3: =Source!$C5 | JZ3: KINDLE ROAD | KD3: =Source!$C5 | KE3: MT. EMBER EXTERIOR | KI3: =Source!$C5 | KJ3: MT. EMBER 1F | KN3: =Source!$C5 | KO3: TREASURE BEACH | KS3: =Source!$C5 | KT3: ROCK TUNNEL (SECRET) | KX3: =Source!$C5 | KY3: CAPE BRINK | LC3: =Source!$C5 | LD3: BOND BRIDGE | LH3: =Source!$C5 | LI3: BERRY FOREST | LM3: =Source!$C5 | LN3: PKMN TOWER 8F | LR3: =Source!$C5 | LS3: PKMN TOWER 9F | LW3: =Source!$C5 | LX3: THREE ISLAND
C4: Rarity | D4: Pokémon | F4: Level | H4: Rarity | I4: Pokémon | K4: Level | M4: Rarity | N4: Pokémon | P4: Level | R4: Rarity | S4: Pokémon | U4: Level | W4: Rarity | X4: Pokémon | Z4: Level | AB4: Rarity | AC4: Pokémon | AE4: Level | AG4: Rarity | AH4: Pokémon | AJ4: Level | AL4: Rarity | AM4: Pokémon | AO4: Level | AQ4: Rarity | AR4: Pokémon | AT4: Level | AV4: Rarity | AW4: Pokémon | AY4: Level | BA4: Rarity | BB4: Pokémon | BD4: Level | BF4: Rarity | BG4: Pokémon | BI4: Level | BK4: Rarity | BL4: Pokémon | BN4: Level | BP4: Rarity | BQ4: Pokémon | BS4: Level | BU4: Rarity | BV4: Pokémon | BX4: Level | BZ4: Rarity | CA4: Pokémon | CC4: Level | CE4: Rarity | CF4: Pokémon | CH4: Level | CJ4: Rarity | CK4: Pokémon | CM4: Level | CO4: Rarity | CP4: Pokémon | CR4: Level | CT4: Rarity | CU4: Pokémon | CW4: Level | CY4: Rarity | CZ4: Pokémon | DB4: Level | DD4: Rarity | DE4: Pokémon | DG4: Level | DI4: Rarity | DJ4: Pokémon | DL4: Level | DN4: Rarity | DO4: Pokémon | DQ4: Level | DS4: Rarity | DT4: Pokémon | DV4: Level | DX4: Rarity | DY4: Pokémon | EA4: Level | EC4: Rarity | ED4: Pokémon | EF4: Level | EH4: Rarity | EI4: Pokémon | EK4: Level | EM4: Rarity | EN4: Pokémon | EP4: Level | ER4: Rarity | ES4: Pokémon | EU4: Level | EW4: Rarity | EX4: Pokémon | EZ4: Level | FB4: Rarity | FC4: Pokémon | FE4: Level | FG4: Rarity | FH4: Pokémon | FJ4: Level | FL4: Rarity | FM4: Pokémon | FO4: Level | FQ4: Rarity | FR4: Pokémon | FT4: Level | FV4: Rarity | FW4: Pokémon | FY4: Level | GA4: Rarity | GB4: Pokémon | GD4: Level | GF4: Rarity | GG4: Pokémon | GI4: Level | GK4: Rarity | GL4: Pokémon | GN4: Level | GP4: Rarity | GQ4: Pokémon | GS4: Level | GU4: Rarity | GV4: Pokémon | GX4: Level | GZ4: Rarity | HA4: Pokémon | HC4: Level | HE4: Rarity | HF4: Pokémon | HH4: Level | HJ4: Rarity | HK4: Pokémon | HM4: Level | HO4: Rarity | HP4: Pokémon | HR4: Level | HT4: Rarity | HU4: Pokémon | HW4: Level | HY4: Rarity | HZ4: Pokémon | IB4: Level | ID4: Rarity | IE4: Pokémon | IG4: Level | II4: Rarity | IJ4: Pokémon | IL4: Level | IN4: Rarity | IO4: Pokémon | IQ4: Level | IS4: Rarity | IT4: Pokémon | IV4: Level | IX4: Rarity | IY4: Pokémon | JA4: Level | JC4: Rarity | JD4: Pokémon | JF4: Level | JH4: Rarity | JI4: Pokémon | JK4: Level | JM4: Rarity | JN4: Pokémon | JP4: Level | JR4: Rarity | JS4: Pokémon | JU4: Level | JY4: Rarity | JZ4: Pokémon | KB4: Level | KD4: Rarity | KE4: Pokémon | KG4: Level | KI4: Rarity | KJ4: Pokémon | KL4: Level | KN4: Rarity | KO4: Pokémon | KQ4: Level | KS4: Rarity | KT4: Pokémon | KV4: Level | KX4: Rarity | KY4: Pokémon | LA4: Level | LC4: Rarity | LD4: Pokémon | LF4: Level | LH4: Rarity | LI4: Pokémon | LK4: Level | LM4: Rarity | LN4: Pokémon | LP4: Level | LR4: Rarity | LS4: Pokémon | LU4: Level | LW4: Rarity | LX4: Pokémon | LZ4: Level
C5: 0.2 | D5: {=IFERROR(VLOOKUP(E5:E16,Dex!$B$3:$N33,2,FALSE),"")} | E5: Bidoof | F5: 44231 | H5: 0.2 | I5: {=IFERROR(VLOOKUP(J5:J16,Dex!$B$3:$N33,2,FALSE),"")} | J5: Shinx | K5: 44625 | M5: 0.2 | N5: {=IFERROR(VLOOKUP(O5:O16,Dex!$B$3:$N33,2,FALSE),"")} | O5: Starly | P5: 44625 | R5: 0.2 | S5: {=IFERROR(VLOOKUP(T5:T16,Dex!$B$3:$N33,2,FALSE),"")} | T5: Wooper | U5: 45022 | W5: 0.2 | X5: {=IFERROR(VLOOKUP(Y5:Y16,Dex!$B$3:$N33,2,FALSE),"")} | Y5: Bidoof | Z5: 44625 | AB5: 0.2 | AC5: {=IFERROR(VLOOKUP(AD5:AD16,Dex!$B$3:$N33,2,FALSE),"")} | AD5: Caterpie | AE5: 44657 | AG5: 0.2 | AH5: {=IFERROR(VLOOKUP(AI5:AI16,Dex!$B$3:$N33,2,FALSE),"")} | AI5: Caterpie | AJ5: 44657 | AL5: 0.2 | AM5: {=IFERROR(VLOOKUP(AN5:AN16,Dex!$B$3:$N33,2,FALSE),"")} | AN5: Diglett | AO5: 44751 | AQ5: 0.2 | AR5: {=IFERROR(VLOOKUP(AS5:AS16,Dex!$B$3:$N33,2,FALSE),"")} | AS5: Grimer | AT5: 44751 | AV5: 0.2 | AW5: {=IFERROR(VLOOKUP(AX5:AX16,Dex!$B$3:$N33,2,FALSE),"")} | AX5: Fletchling | AY5: 44846 | BA5: 0.2 | BB5: {=IFERROR(VLOOKUP(BC5:BC16,Dex!$B$3:$N33,2,FALSE),"")} | BC5: Geodude | BD5: 44909 | BF5: 0.2 | BG5: {=IFERROR(VLOOKUP(BH5:BH16,Dex!$B$3:$N33,2,FALSE),"")} | BH5: Paras | BI5: 44909 | BK5: 0.2 | BL5: {=IFERROR(VLOOKUP(BM5:BM16,Dex!$B$3:$N33,2,FALSE),"")} | BM5: Varoom | BN5: 44909 | BP5: 0.2 | BQ5: {=IFERROR(VLOOKUP(BR5:BR16,Dex!$B$3:$N33,2,FALSE),"")} | BR5: Pidove | BS5: 13-15 | BU5: 0.2 | BV5: {=IFERROR(VLOOKUP(BW5:BW16,Dex!$B$3:$N33,2,FALSE),"")} | BW5: Snubbull | BX5: 14-16 | BZ5: 0.2 | CA5: {=IFERROR(VLOOKUP(CB5:CB16,Dex!$B$3:$N33,2,FALSE),"")} | CB5: Swablu | CC5: 16-18 | CE5: 0.2 | CF5: {=IFERROR(VLOOKUP(CG5:CG16,Dex!$B$3:$N33,2,FALSE),"")} | CG5: Meowth | CH5: 18-20 | CJ5: 0.2 | CK5: {=IFERROR(VLOOKUP(CL5:CL16,Dex!$B$3:$N33,2,FALSE),"")} | CL5: Sunkern | CM5: 16-18 | CO5: 0.2 | CP5: {=IFERROR(VLOOKUP(CQ5:CQ16,Dex!$B$3:$N33,2,FALSE),"")} | CQ5: Stufful | CR5: 23-25 | CT5: 0.2 | CU5: {=IFERROR(VLOOKUP(CV5:CV16,Dex!$B$3:$N33,2,FALSE),"")} | CV5: Diglett | CW5: 23-25 | CY5: 0.2 | CZ5: {=IFERROR(VLOOKUP(DA5:DA16,Dex!$B$3:$N33,2,FALSE),"")} | DA5: Shelmet | DB5: 25-27 | DD5: 0.2 | DE5: {=IFERROR(VLOOKUP(DF5:DF16,Dex!$B$3:$N33,2,FALSE),"")} | DF5: Voltorb | DG5: 27-29 | DI5: 0.2 | DJ5: {=IFERROR(VLOOKUP(DK5:DK16,Dex!$B$3:$N33,2,FALSE),"")} | DK5: Graveler | DL5: 29-31 | DN5: 0.2 | DO5: {=IFERROR(VLOOKUP(DP5:DP16,Dex!$B$3:$N33,2,FALSE),"")} | DP5: Sandslash | DQ5: 30-32 | DS5: 0.2 | DT5: {=IFERROR(VLOOKUP(DU5:DU16,Dex!$B$3:$N33,2,FALSE),"")} | DU5: Deerling | DV5: 36-38 | DX5: 0.2 | DY5: {=IFERROR(VLOOKUP(DZ5:DZ16,Dex!$B$3:$N33,2,FALSE),"")} | DZ5: Fomantis | EA5: 33-35 | EC5: 0.2 | ED5: {=IFERROR(VLOOKUP(EE5:EE16,Dex!$B$3:$N33,2,FALSE),"")} | EE5: Haunter | EF5: 45-47 | EH5: 0.2 | EI5: {=IFERROR(VLOOKUP(EJ5:EJ16,Dex!$B$3:$N33,2,FALSE),"")} | EJ5: Haunter | EK5: 45-47 | EM5: 0.2 | EN5: {=IFERROR(VLOOKUP(EO5:EO16,Dex!$B$3:$N33,2,FALSE),"")} | EO5: Haunter | EP5: 45-47 | ER5: 0.2 | ES5: {=IFERROR(VLOOKUP(ET5:ET16,Dex!$B$3:$N33,2,FALSE),"")} | ET5: Haunter | EU5: 45-47 | EW5: 0.2 | EX5: {=IFERROR(VLOOKUP(EY5:EY16,Dex!$B$3:$N33,2,FALSE),"")} | EY5: Heracross | EZ5: 36-38 | FB5: 0.2 | FC5: {=IFERROR(VLOOKUP(FD5:FD16,Dex!$B$3:$N33,2,FALSE),"")} | FD5: Weezing | FE5: 46-48 | FG5: 0.2 | FH5: {=IFERROR(VLOOKUP(FI5:FI16,Dex!$B$3:$N33,2,FALSE),"")} | FI5: Xatu | FJ5: 49-51 | FL5: 0.2 | FM5: {=IFERROR(VLOOKUP(FN5:FN16,Dex!$B$3:$N33,2,FALSE),"")} | FN5: Sneasel | FO5: 50-52 | FQ5: 0.2 | FR5: {=IFERROR(VLOOKUP(FS5:FS16,Dex!$B$3:$C33,2,FALSE),"")} | FS5: Tangrowth | FT5: 48-50 | FV5: 0.2 | FW5: {=IFERROR(VLOOKUP(FX5:FX16,Dex!$B$3:$N33,2,FALSE),"")} | FX5: Pelipper | FY5: 48-50 | GA5: 0.2 | GB5: {=IFERROR(VLOOKUP(GC5:GC16,Dex!$B$3:$N33,2,FALSE),"")} | GC5: Amoonguss | GD5: 49-51 | GF5: 0.2 | GG5: {=IFERROR(VLOOKUP(GH5:GH16,Dex!$B$3:$N33,2,FALSE),"")} | GH5: Primeape | GI5: 33-35 | GK5: 0.2 | GL5: {=IFERROR(VLOOKUP(GM5:GM16,Dex!$B$3:$N33,2,FALSE),"")} | GM5: Piloswine | GN5: 62-64 | GP5: 0.2 | GQ5: {=IFERROR(VLOOKUP(GR5:GR16,Dex!$B$3:$N33,2,FALSE),"")} | GR5: Piloswine | GS5: 62-64 | GU5: 0.2 | GV5: {=IFERROR(VLOOKUP(GW5:GW16,Dex!$B$3:$N33,2,FALSE),"")} | GW5: Abomasnow | GX5: 62-64 | GZ5: 0.2 | HA5: {=IFERROR(VLOOKUP(HB5:HB16,Dex!$B$3:$N33,2,FALSE),"")} | HB5: Piloswine | HC5: 62-64 | HE5: 0.2 | HF5: {=IFERROR(VLOOKUP(HG5:HG16,Dex!$B$3:$N33,2,FALSE),"")} | HG5: Piloswine | HH5: 62-64 | HJ5: 0.2 | HK5: {=IFERROR(VLOOKUP(HL5:HL16,Dex!$B$3:$N33,2,FALSE),"")} | HL5: Raticate | HM5: 63-65 | HO5: 0.2 | HP5: {=IFERROR(VLOOKUP(HQ5:HQ16,Dex!$B$3:$N33,2,FALSE),"")} | HQ5: Gumshoos | HR5: 63-65 | HT5: 0.2 | HU5: {=IFERROR(VLOOKUP(HV5:HV16,Dex!$B$3:$N33,2,FALSE),"")} | HV5: Bewear | HW5: 63-65 | HY5: 0.2 | HZ5: {=IFERROR(VLOOKUP(IA5:IA16,Dex!$B$3:$N33,2,FALSE),"")} | IA5: Raticate | IB5: 63-65 | ID5: 0.2 | IE5: {=IFERROR(VLOOKUP(IF5:IF16,Dex!$B$3:$N33,2,FALSE),"")} | IF5: Magneton | IG5: 63-65 | II5: 0.2 | IJ5: {=IFERROR(VLOOKUP(IK5:IK16,Dex!$B$3:$N33,2,FALSE),"")} | IK5: Parasect | IL5: 68-70 | IN5: 0.2 | IO5: {=IFERROR(VLOOKUP(IP5:IP16,Dex!$B$3:$N33,2,FALSE),"")} | IP5: Brute Bonnet | IQ5: 68-70 | IS5: 0.2 | IT5: {=IFERROR(VLOOKUP(IU5:IU16,Dex!$B$3:$N33,2,FALSE),"")} | IU5: Iron Treads | IV5: 68-70 | IX5: 0.2 | IY5: {=IFERROR(VLOOKUP(IZ5:IZ16,Dex!$B$3:$N33,2,FALSE),"")} | IZ5: Unown | JA5: 75-77 | JC5: 0.2 | JD5: {=IFERROR(VLOOKUP(JE5:JE16,Dex!$B$3:$N33,2,FALSE),"")} | JE5: Unown | JF5: 75-77 | JH5: 0.2 | JI5: {=IFERROR(VLOOKUP(JJ5:JJ16,Dex!$B$3:$N33,2,FALSE),"")} | JJ5: Iron Valiant | JK5: 80-82 | JM5: 0.2 | JN5: {=IFERROR(VLOOKUP(JO5:JO16,Dex!$B$3:$N33,2,FALSE),"")} | JO5: Baxcalibur | JP5: 80-82 | JR5: 0.2 | JS5: {=IFERROR(VLOOKUP(JT5:JT16,Dex!$B$3:$N33,2,FALSE),"")} | JT5: Dragonite | JU5: 80-82 | JY5: 0.2 | JZ5: {=IFERROR(VLOOKUP(KA5:KA16,Dex!$B$3:$N33,2,FALSE),"")} | KA5: Absol | KB5: 83-85 | KD5: 0.2 | KE5: {=IFERROR(VLOOKUP(KF5:KF16,Dex!$B$3:$N33,2,FALSE),"")} | KF5: Doduo-Sevii | KG5: 60-65 | KI5: 0.2 | KJ5: {=IFERROR(VLOOKUP(KK5:KK16,Dex!$B$3:$N33,2,FALSE),"")} | KK5: Torkoal | KL5: 85-85 | KN5: 0.2 | KO5: {=IFERROR(VLOOKUP(KP5:KP16,Dex!$B$3:$N33,2,FALSE),"")} | KP5: Sirfetch'd | KQ5: 85-85 | KS5: 0.2 | KT5: {=IFERROR(VLOOKUP(KU5:KU16,Dex!$B$3:$N33,2,FALSE),"")} | KU5: Ursaluna | KV5: 85-85 | KX5: 0.2 | KY5: {=IFERROR(VLOOKUP(KZ5:KZ16,Dex!$B$3:$N33,2,FALSE),"")} | KZ5: Electrode-Hisui | LA5: 85-85 | LC5: 0.2 | LD5: {=IFERROR(VLOOKUP(LE5:LE16,Dex!$B$3:$N33,2,FALSE),"")} | LE5: Decidueye-Hisui | LF5: 85-85 | LH5: 0.2 | LI5: {=IFERROR(VLOOKUP(LJ5:LJ16,Dex!$B$3:$N33,2,FALSE),"")} | LJ5: Carnivine-Sevii | LK5: 85-85 | LM5: 0.2 | LN5: {=IFERROR(VLOOKUP(LO5:LO16,Dex!$B$3:$N33,2,FALSE),"")} | LO5: Teddiursa-Sevii | LP5: 85-85 | LR5: 0.2 | LS5: {=IFERROR(VLOOKUP(LT5:LT16,Dex!$B$3:$N33,2,FALSE),"")} | LT5: Wishiwashi-Sevii | LU5: 85-85 | LW5: 0.2 | LX5: {=IFERROR(VLOOKUP(LY5:LY16,Dex!$B$3:$N33,2,FALSE),"")} | LY5: Dunsparce | LZ5: 85-85
C6: 0.2 | E6: Zigzagoon | F6: 44231 | H6: 0.2 | J6: Wooloo | K6: 44625 | M6: 0.2 | O6: Budew | P6: 44625 | R6: 0.2 | T6: Lechonk | U6: 45022 | W6: 0.2 | Y6: Sentret | Z6: 44625 | AB6: 0.2 | AD6: Weedle | AE6: 44657 | AG6: 0.2 | AI6: Weedle | AJ6: 44657 | AL6: 0.2 | AN6: Nacli | AO6: 44751 | AQ6: 0.2 | AS6: Starly | AT6: 44751 | AV6: 0.2 | AX6: Ekans | AY6: 44846 | BA6: 0.2 | BC6: Zubat | BD6: 44909 | BF6: 0.2 | BH6: Nacli | BI6: 44909 | BK6: 0.2 | BM6: Zubat | BN6: 44909 | BP6: 0.2 | BR6: Bellsprout | BS6: 13-15 | BU6: 0.2 | BW6: Petilil | BX6: 14-16 | BZ6: 0.2 | CB6: Taillow | CC6: 16-18 | CE6: 0.2 | CG6: Hatenna | CH6: 18-20 | CJ6: 0.2 | CL6: Cherubi | CM6: 16-18 | CO6: 0.2 | CQ6: Ducklett | CR6: 23-25 | CT6: 0.2 | CV6: Diglett | CW6: 23-25 | CY6: 0.2 | DA6: Exeggcute | DB6: 25-27 | DD6: 0.2 | DF6: Helioptile | DG6: 27-29 | DI6: 0.2 | DK6: Aron | DL6: 29-31 | DN6: 0.2 | DP6: Boldore | DQ6: 30-32 | DS6: 0.2 | DU6: Inkay | DV6: 36-38 | DX6: 0.2 | DZ6: Minccino | EA6: 33-35 | EC6: 0.2 | EE6: Cofagrigus | EF6: 45-47 | EH6: 0.2 | EJ6: Cofagrigus | EK6: 45-47 | EM6: 0.2 | EO6: Cofagrigus | EP6: 45-47 | ER6: 0.2 | ET6: Cofagrigus | EU6: 45-47 | EW6: 0.2 | EY6: Yanma | EZ6: 36-38 | FB6: 0.2 | FD6: Cyclizar | FE6: 46-48 | FG6: 0.2 | FI6: Vikavolt | FJ6: 49-51 | FL6: 0.2 | FN6: Dewgong | FO6: 50-52 | FQ6: 0.2 | FS6: Exeggutor | FT6: 48-50 | FV6: 0.2 | FX6: Swadloon | FY6: 48-50 | GA6: 0.2 | GC6: Ambipom | GD6: 49-51 | GF6: 0.2 | GH6: Fearow | GI6: 33-35 | GK6: 0.2 | GM6: Snorunt | GN6: 62-64 | GP6: 0.2 | GR6: Darmanitan-Galar | GS6: 62-64 | GU6: 0.2 | GW6: Snover | GX6: 62-64 | GZ6: 0.2 | HB6: Darmanitan-Galar | HC6: 62-64 | HE6: 0.2 | HG6: Abomasnow | HH6: 62-64 | HJ6: 0.2 | HL6: Audino | HM6: 63-65 | HO6: 0.2 | HQ6: Garbodor | HR6: 63-65 | HT6: 0.2 | HV6: Seviper | HW6: 63-65 | HY6: 0.2 | IA6: Garbodor | IB6: 63-65 | ID6: 0.2 | IF6: Electrode | IG6: 63-65 | II6: 0.2 | IK6: Golbat | IL6: 68-70 | IN6: 0.2 | IP6: Great Tusk | IQ6: 68-70 | IS6: 0.2 | IU6: Noivern | IV6: 68-70 | IX6: 0.2 | IZ6: Unown | JA6: 75-77 | JC6: 0.2 | JE6: Unown | JF6: 75-77 | JH6: 0.2 | JJ6: Metagross | JK6: 80-82 | JM6: 0.2 | JO6: Garchomp | JP6: 80-82 | JR6: 0.2 | JT6: Iron Bundle | JU6: 80-82 | JY6: 0.2 | KA6: Smeargle | KB6: 83-85 | KD6: 0.2 | KF6: Coalossal | KG6: 83-85 | KI6: 0.2 | KK6: Magcargo | KL6: 84-85 | KN6: 0.2 | KP6: Sirfetch'd | KQ6: 84-85 | KS6: 0.2 | KU6: Noibat-Sevii | KV6: 84-85 | KX6: 0.2 | KZ6: Blitzle-Sevii | LA6: 84-85 | LC6: 0.2 | LE6: Sneasel-Hisui | LF6: 84-85 | LH6: 0.2 | LJ6: Nymble-Sevii | LK6: 84-85 | LM6: 0.2 | LO6: Zoroark-Hisui | LP6: 84-85 | LR6: 0.2 | LT6: Typhlosion-Hisui | LU6: 84-85 | LW6: 0.2 | LY6: Clauncher-Sevii | LZ6: 84-85
C7: 0.1 | E7: Rattata | F7: 44231 | H7: 0.1 | J7: Poochyena | K7: 44625 | M7: 0.1 | O7: Mankey | P7: 44625 | R7: 0.1 | T7: Wiglett | U7: 45022 | W7: 0.1 | Y7: Ponyta | Z7: 44625 | AB7: 0.1 | AD7: Pikachu | AE7: 44657 | AG7: 0.1 | AI7: Natu | AJ7: 44657 | AL7: 0.1 | AN7: Numel | AO7: 44751 | AQ7: 0.1 | AS7: Exeggcute | AT7: 44751 | AV7: 0.1 | AX7: Spearow | AY7: 44846 | BA7: 0.1 | BC7: Rockruff | BD7: 44909 | BF7: 0.1 | BH7: Rolycoly | BI7: 44909 | BK7: 0.1 | BM7: Pawniard | BN7: 44909 | BP7: 0.1 | BR7: Shinx | BS7: 13-15 | BU7: 0.1 | BW7: Yamper | BX7: 14-16 | BZ7: 0.1 | CB7: Pineco | CC7: 16-18 | CE7: 0.1 | CG7: Solosis | CH7: 18-20 | CJ7: 0.1 | CL7: Gulpin | CM7: 16-18 | CO7: 0.1 | CQ7: Drowzee | CR7: 23-25 | CT7: 0.1 | CV7: Stunfisk | CW7: 23-25 | CY7: 0.1 | DA7: Darumaka | DB7: 25-27 | DD7: 0.1 | DF7: Blitzle | DG7: 27-29 | DI7: 0.1 | DK7: Shuckle | DL7: 29-31 | DN7: 0.1 | DP7: Swinub | DQ7: 30-32 | DS7: 0.1 | DU7: Rufflet | DV7: 36-38 | DX7: 0.1 | DZ7: Vanillite | EA7: 33-35 | EC7: 0.1 | EE7: Dusclops | EF7: 45-47 | EH7: 0.1 | EJ7: Dusclops | EK7: 45-47 | EM7: 0.1 | EO7: Dusclops | EP7: 45-47 | ER7: 0.1 | ET7: Dusclops | EU7: 45-47 | EW7: 0.1 | EY7: Rhyhorn | EZ7: 36-38 | FB7: 0.1 | FD7: Muk | FE7: 46-48 | FG7: 0.1 | FI7: Poliwrath | FJ7: 49-51 | FL7: 0.1 | FN7: Walrein | FO7: 50-52 | FQ7: 0.1 | FS7: Roselia | FT7: 48-50 | FV7: 0.1 | FX7: Torkoal | FY7: 48-50 | GA7: 0.1 | GC7: Tsareena | GD7: 49-51 | GF7: 0.1 | GH7: Simisage | GI7: 33-35 | GK7: 0.1 | GM7: Beartic | GN7: 62-64 | GP7: 0.1 | GR7: Vanilluxe | GS7: 62-64 | GU7: 0.1 | GW7: Ninetales-Alola | GX7: 62-64 | GZ7: 0.1 | HB7: Ninetales-Alola | HC7: 62-64 | HE7: 0.1 | HG7: Ninetales-Alola | HH7: 62-64 | HJ7: 0.1 | HL7: Muk | HM7: 63-65 | HO7: 0.1 | HQ7: Weezing | HR7: 63-65 | HT7: 0.1 | HV7: Ariados | HW7: 63-65 | HY7: 0.1 | IA7: Ariados | IB7: 63-65 | ID7: 0.1 | IF7: Zebstrika | IG7: 63-65 | II7: 0.1 | IK7: Machamp | IL7: 68-70 | IN7: 0.1 | IP7: Primeape | IQ7: 68-70 | IS7: 0.1 | IU7: Medicham | IV7: 68-70 | IX7: 0.1 | IZ7: Meganium | JA7: 75-77 | JC7: 0.1 | JE7: Cinderace | JF7: 75-77 | JH7: 0.1 | JJ7: Goodra | JK7: 80-82 | JM7: 0.1 | JO7: Tyranitar | JP7: 80-82 | JR7: 0.1 | JT7: Dragapult | JU7: 80-82 | JY7: 0.1 | KA7: Alcremie-Strbrry | KB7: 83-85 | KD7: 0.1 | KF7: Darmanitan | KG7: 83-85 | KI7: 0.1 | KK7: Ninetales | KL7: 84-85 | KN7: 0.1 | KP7: Lilligant | KQ7: 84-85 | KS7: 0.1 | KU7: Copperajah | KV7: 84-85 | KX7: 0.1 | KZ7: Lilligant-Hisui | LA7: 84-85 | LC7: 0.1 | LE7: Hatterene | LF7: 84-85 | LH7: 0.1 | LJ7: Decidueye-Hisui | LK7: 84-85 | LM7: 0.1 | LO7: Ursaluna-BM | LP7: 84-85 | LR7: 0.1 | LT7: Flutter Mane | LU7: 83-85 | LW7: 0.1 | LY7: Goodra-Hisui | LZ7: 84-85
C8: 0.1 | E8: Mienfoo | F8: 44231 | H8: 0.1 | J8: Spearow | K8: 44625 | M8: 0.1 | O8: Morelull | P8: 44625 | R8: 0.1 | T8: Wiglett | U8: 45022 | W8: 0.1 | Y8: Phanpy | Z8: 44625 | AB8: 0.1 | AD8: Burmy-Sandy | AE8: 44657 | AG8: 0.1 | AI8: Burmy | AJ8: 44657 | AL8: 0.1 | AN8: Yamask | AO8: 44751 | AQ8: 0.1 | AS8: Spoink | AT8: 44751 | AV8: 0.1 | AX8: Nidoran-M | AY8: 44846 | BA8: 0.1 | BC8: Timburr | BD8: 44909 | BF8: 0.1 | BH8: Slugma | BI8: 44909 | BK8: 0.1 | BM8: Numel | BN8: 44909 | BP8: 0.1 | BR8: Pachirisu | BS8: 13-15 | BU8: 0.1 | BW8: Charcadet | BX8: 14-16 | BZ8: 0.1 | CB8: Tadbulb | CC8: 16-18 | CE8: 0.1 | CG8: Growlithe | CH8: 18-20 | CJ8: 0.1 | CL8: Furfrou | CM8: 16-18 | CO8: 0.1 | CQ8: Baltoy | CR8: 23-25 | CT8: 0.1 | CV8: Silicobra | CW8: 23-25 | CY8: 0.1 | DA8: Dewpider | DB8: 25-27 | DD8: 0.1 | DF8: Pincurchin | DG8: 27-29 | DI8: 0.1 | DK8: Solrock | DL8: 29-31 | DN8: 0.1 | DP8: Snorunt | DQ8: 30-32 | DS8: 0.1 | DU8: Rufflet | DV8: 36-38 | DX8: 0.1 | DZ8: Bouffalant | EA8: 33-35 | EC8: 0.1 | EE8: Mismagius | EF8: 45-47 | EH8: 0.1 | EJ8: Mismagius | EK8: 45-47 | EM8: 0.1 | EO8: Annihilape | EP8: 45-47 | ER8: 0.1 | ET8: Mismagius | EU8: 45-47 | EW8: 0.1 | EY8: Skorupi | EZ8: 36-38 | FB8: 0.1 | FD8: Zebstrika | FE8: 46-48 | FG8: 0.1 | FI8: Abomasnow | FJ8: 49-51 | FL8: 0.1 | FN8: Glalie | FO8: 50-52 | FQ8: 0.1 | FS8: Lurantis | FT8: 48-50 | FV8: 0.1 | FX8: Torkoal | FY8: 48-50 | GA8: 0.1 | GC8: Galvantula | GD8: 49-51 | GF8: 0.1 | GH8: Simisear | GI8: 33-35 | GK8: 0.1 | GM8: Beartic | GN8: 62-64 | GP8: 0.1 | GR8: Vanilluxe | GS8: 62-64 | GU8: 0.1 | GW8: Ninetales-Alola | GX8: 62-64 | GZ8: 0.1 | HB8: Ninetales-Alola | HC8: 62-64 | HE8: 0.1 | HG8: Ninetales-Alola | HH8: 62-64 | HJ8: 0.1 | HL8: Muk | HM8: 63-65 | HO8: 0.1 | HQ8: Swalot | HR8: 63-65 | HT8: 0.1 | HV8: Ariados | HW8: 63-65 | HY8: 0.1 | IA8: Ariados | IB8: 63-65 | ID8: 0.1 | IF8: Eelektross | IG8: 63-65 | II8: 0.1 | IK8: Machamp | IL8: 68-70 | IN8: 0.1 | IP8: Primeape | IQ8: 68-70 | IS8: 0.1 | IU8: Medicham | IV8: 68-70 | IX8: 0.1 | IZ8: Meganium | JA8: 75-77 | JC8: 0.1 | JE8: Cinderace | JF8: 75-77 | JH8: 0.1 | JJ8: Steelix | JK8: 80-82 | JM8: 0.1 | JO8: Machamp | JP8: 80-82 | JR8: 0.1 | JT8: Mawile | JU8: 80-82 | JY8: 0.1 | KA8: Alcremie-Strbrry | KB8: 83-85 | KD8: 0.1 | KF8: Darmanitan | KG8: 83-85 | KI8: 0.1 | KK8: Ninetales | KL8: 84-85 | KN8: 0.1 | KP8: Lilligant | KQ8: 84-85 | KS8: 0.1 | KU8: Copperajah | KV8: 84-85 | KX8: 0.1 | KZ8: Lilligant-Hisui | LA8: 84-85 | LC8: 0.1 | LE8: Hatterene | LF8: 84-85 | LH8: 0.1 | LJ8: Decidueye-Hisui | LK8: 84-85 | LM8: 0.1 | LO8: Ursaluna-BM | LP8: 84-85 | LR8: 0.1 | LT8: Flutter Mane | LU8: 83-85 | LW8: 0.1 | LY8: Goodra-Hisui | LZ8: 84-85
C9: 0.1 | E9: Meowth | F9: 44231 | H9: 0.1 | J9: Patrat | K9: 44625 | M9: 0.1 | O9: Snubbull | P9: 44625 | R9: 0.1 | T9: Dwebble | U9: 45022 | W9: 0.1 | Y9: Meditite | Z9: 44625 | AB9: 0.1 | AD9: Sewaddle | AE9: 44657 | AG9: 0.1 | AI9: Combee | AJ9: 44657 | AL9: 0.1 | AN9: Sandshrew | AO9: 44751 | AQ9: 0.1 | AS9: Hoppip | AT9: 44751 | AV9: 0.1 | AX9: Nickit | AY9: 44846 | BA9: 0.1 | BC9: Woobat | BD9: 44909 | BF9: 0.1 | BH9: Torkoal | BI9: 44909 | BK9: 0.1 | BM9: Cranidos | BN9: 44909 | BP9: 0.1 | BR9: Glameow | BS9: 13-15 | BU9: 0.1 | BW9: Elekid | BX9: 14-16 | BZ9: 0.1 | CB9: Karrablast | CC9: 16-18 | CE9: 0.1 | CG9: Swirlix | CH9: 18-20 | CJ9: 0.1 | CL9: Sizzlipede | CM9: 16-18 | CO9: 0.1 | CQ9: Maractus | CR9: 23-25 | CT9: 0.1 | CV9: Golett | CW9: 23-25 | CY9: 0.1 | DA9: Indeedee | DB9: 25-27 | DD9: 0.1 | DF9: Plusle | DG9: 27-29 | DI9: 0.1 | DK9: Carkol | DL9: 29-31 | DN9: 0.1 | DP9: Bronzor | DQ9: 30-32 | DS9: 0.1 | DU9: Cutiefly | DV9: 36-38 | DX9: 0.1 | DZ9: Bouffalant | EA9: 33-35 | EC9: 0.1 | EE9: Mismagius | EF9: 45-47 | EH9: 0.1 | EJ9: Mismagius | EK9: 45-47 | EM9: 0.1 | EO9: Annihilape | EP9: 45-47 | ER9: 0.1 | ET9: Mismagius | EU9: 45-47 | EW9: 0.1 | EY9: Cufant | EZ9: 36-38 | FB9: 0.1 | FD9: Grumpig | FE9: 46-48 | FG9: 0.1 | FI9: Altaria | FJ9: 49-51 | FL9: 0.1 | FN9: Throh | FO9: 50-52 | FQ9: 0.1 | FS9: Simisage | FT9: 48-50 | FV9: 0.1 | FX9: Whirlipede | FY9: 48-50 | GA9: 0.1 | GC9: Simipour | GD9: 49-51 | GF9: 0.1 | GH9: Simipour | GI9: 33-35 | GK9: 0.1 | GM9: Slowbro | GN9: 62-64 | GP9: 0.1 | GR9: Slowking | GS9: 62-64 | GU9: 0.1 | GW9: Crawdaunt | GX9: 62-64 | GZ9: 0.1 | HB9: Dewgong | HC9: 62-64 | HE9: 0.1 | HG9: Dewgong | HH9: 62-64 | HJ9: 0.1 | HL9: Weezing | HM9: 63-65 | HO9: 0.1 | HQ9: Heatmor | HR9: 63-65 | HT9: 0.1 | HV9: Rapidash | HW9: 63-65 | HY9: 0.1 | IA9: Magmar | IB9: 63-65 | ID9: 0.1 | IF9: Ampharos | IG9: 63-65 | II9: 0.1 | IK9: Magneton | IL9: 68-70 | IN9: 0.1 | IP9: Great Tusk | IQ9: 68-70 | IS9: 0.1 | IU9: Lopunny | IV9: 68-70 | IX9: 0.1 | IZ9: Quaquaval | JA9: 75-77 | JC9: 0.1 | JE9: Typhlosion | JF9: 63-65 | JH9: 0.1 | JJ9: Audino | JK9: 80-82 | JM9: 0.1 | JO9: Medicham | JP9: 80-82 | JR9: 0.1 | JT9: Mawile | JU9: 80-82 | JY9: 0.1 | KA9: Centiskorch | KB9: 83-85 | KD9: 0.1 | KF9: Pyroar | KG9: 83-85 | KI9: 0.1 | KK9: Pyroar | KL9: 84-85 | KN9: 0.1 | KP9: Flygon | KQ9: 84-85 | KS9: 0.1 | KU9: Stunfisk-Galar | KV9: 84-85 | KX9: 0.1 | KZ9: Slowbro-Galar | LA9: 84-85 | LC9: 0.1 | LE9: Crustle | LF9: 84-85 | LH9: 0.1 | LJ9: Pinsir | LK9: 84-85 | LM9: 0.1 | LO9: Mimikyu | LP9: 84-85 | LR9: 0.1 | LT9: Spiritomb | LU9: 84-85 | LW9: 0.1 | LY9: Samurott-Hisui | LZ9: 84-85
C10: 0.1 | E10: Yungoos | F10: 44231 | H10: 0.1 | J10: Cubchoo | K10: 44657 | M10: 0.1 | O10: Lillipup | P10: 44625 | R10: 0.1 | T10: Snubbull | U10: 45022 | W10: 0.1 | Y10: Shinx | Z10: 44625 | AB10: 0.1 | AD10: Scatterbug | AE10: 44657 | AG10: 0.1 | AI10: Kricketot | AJ10: 44657 | AL10: 0.1 | AN10: Geodude | AO10: 44751 | AQ10: 0.1 | AS10: Numel | AT10: 44751 | AV10: 0.1 | AX10: Shroomish | AY10: 44846 | BA10: 0.1 | BC10: Chewtle | BD10: 44909 | BF10: 0.1 | BH10: Teddiursa | BI10: 44909 | BK10: 0.1 | BM10: Drilbur | BN10: 44909 | BP10: 0.1 | BR10: Tandemaus | BS10: 13-15 | BU10: 0.1 | BW10: Volbeat | BX10: 14-16 | BZ10: 0.1 | CB10: Doduo | CC10: 16-18 | CE10: 0.1 | CG10: Morelull | CH10: 18-20 | CJ10: 0.1 | CL10: Dedenne | CM10: 16-18 | CO10: 0.1 | CQ10: Bunnelby | CR10: 23-25 | CT10: 0.1 | CV10: Sandile | CW10: 23-25 | CY10: 0.1 | DA10: Rufflet | DB10: 25-27 | DD10: 0.1 | DF10: Skitty | DG10: 27-29 | DI10: 0.1 | DK10: Carbink | DL10: 29-31 | DN10: 0.1 | DP10: Bonsly | DQ10: 30-32 | DS10: 0.1 | DU10: Applin | DV10: 36-38 | DX10: 0.1 | DZ10: Venipede | EA10: 33-35 | EC10: 0.1 | EE10: Cubone | EF10: 45-47 | EH10: 0.1 | EJ10: Cubone | EK10: 45-47 | EM10: 0.1 | EO10: Cubone | EP10: 45-47 | ER10: 0.1 | ET10: Cubone | EU10: 45-47 | EW10: 0.1 | EY10: Durant | EZ10: 36-38 | FB10: 0.1 | FD10: Torkoal | FE10: 46-48 | FG10: 0.1 | FI10: Parasect | FJ10: 49-51 | FL10: 0.1 | FN10: Cetitan | FO10: 50-52 | FQ10: 0.1 | FS10: Jumpluff | FT10: 48-50 | FV10: 0.1 | FX10: Whirlipede | FY10: 48-50 | GA10: 0.1 | GC10: Oricorio | GD10: 49-51 | GF10: 0.1 | GH10: Simipour | GI10: 33-35 | GK10: 0.1 | GM10: Slowbro | GN10: 62-64 | GP10: 0.1 | GR10: Slowking | GS10: 62-64 | GU10: 0.1 | GW10: Crawdaunt | GX10: 62-64 | GZ10: 0.1 | HB10: Dewgong | HC10: 62-64 | HE10: 0.1 | HG10: Dewgong | HH10: 62-64 | HJ10: 0.1 | HL10: Liepard | HM10: 63-65 | HO10: 0.1 | HQ10: Salazzle | HR10: 63-65 | HT10: 0.1 | HV10: Skuntank | HW10: 63-65 | HY10: 0.1 | IA10: Mightyena | IB10: 63-65 | ID10: 0.1 | IF10: Ampharos | IG10: 63-65 | II10: 0.1 | IK10: Magneton | IL10: 68-70 | IN10: 0.1 | IP10: Audino | IQ10: 68-70 | IS10: 0.1 | IU10: Iron Treads | IV10: 68-70 | IX10: 0.1 | IZ10: Quaquaval | JA10: 75-77 | JC10: 0.1 | JE10: Typhlosion | JF10: 63-65 | JH10: 0.1 | JJ10: Salamence | JK10: 80-82 | JM10: 0.1 | JO10: Lucario | JP10: 80-82 | JR10: 0.1 | JT10: Toxtricity | JU10: 80-82 | JY10: 0.1 | KA10: Centiskorch | KB10: 83-85 | KD10: 0.1 | KF10: Dodrio-Sevii | KG10: 83-85 | KI10: 0.1 | KK10: Pyroar | KL10: 83-85 | KN10: 0.1 | KP10: Flygon | KQ10: 83-85 | KS10: 0.1 | KU10: Stunfisk-Galar | KV10: 83-85 | KX10: 0.1 | KZ10: Slowbro-Galar | LA10: 83-85 | LC10: 0.1 | LE10: Crustle | LF10: 83-85 | LH10: 0.1 | LJ10: Pinsir | LK10: 83-85 | LM10: 0.1 | LO10: Mimikyu | LP10: 83-85 | LR10: 0.1 | LT10: Spiritomb | LU10: 83-85 | LW10: 0.1 | LY10: Samurott-Hisui | LZ10: 83-85
C11: 0.05 | E11: Pidgey | F11: 44260 | H11: 0.05 | J11: Deerling-Summer | K11: 44625 | M11: 0.05 | O11: Oddish | P11: 44625 | R11: 0.05 | T11: Wingull | U11: 45022 | W11: 0.05 | Y11: Mareep | Z11: 44625 | AB11: 0.05 | AD11: Ledyba | AE11: 44657 | AG11: 0.05 | AI11: Slakoth | AJ11: 44657 | AL11: 0.05 | AN11: Trapinch | AO11: 44751 | AQ11: 0.05 | AS11: Cutiefly | AT11: 44751 | AV11: 0.05 | AX11: Buneary | AY11: 44846 | BA11: 0.05 | BC11: Makuhita | BD11: 44909 | BF11: 0.05 | BH11: Tinkatink | BI11: 44909 | BK11: 0.05 | BM11: Mudbray | BN11: 44909 | BP11: 0.05 | BR11: Pumpkaboo | BS11: 13-15 | BU11: 0.05 | BW11: Marill | BX11: 14-16 | BZ11: 0.05 | CB11: Aipom | CC11: 16-18 | CE11: 0.05 | CG11: Vulpix | CH11: 18-20 | CJ11: 0.05 | CL11: Lickitung | CM11: 16-18 | CO11: 0.05 | CQ11: Crabrawler | CR11: 23-25 | CT11: 0.05 | CV11: Drilbur | CW11: 23-25 | CY11: 0.05 | DA11: Mime Jr. | DB11: 25-27 | DD11: 0.05 | DF11: Tadbulb | DG11: 27-29 | DI11: 0.05 | DK11: Minior | DL11: 29-31 | DN11: 0.05 | DP11: Cetoddle | DQ11: 30-32 | DS11: 0.05 | DU11: Passimian | DV11: 36-38 | DX11: 0.05 | DZ11: Comfey | EA11: 33-35 | EC11: 0.05 | EE11: Spiritomb | EF11: 45-47 | EH11: 0.05 | EJ11: Spiritomb | EK11: 45-47 | EM11: 0.05 | EO11: Spiritomb | EP11: 45-47 | ER11: 0.05 | ET11: Spiritomb | EU11: 45-47 | EW11: 0.05 | EY11: Togedemaru | EZ11: 36-38 | FB11: 0.05 | FD11: Skarmory | FE11: 46-48 | FG11: 0.05 | FI11: Toxicroak | FJ11: 49-51 | FL11: 0.05 | FN11: Avalugg | FO11: 50-52 | FQ11: 0.05 | FS11: Bulbasaur | FT11: 48-50 | FV11: 0.05 | FX11: Charjabug | FY11: 48-50 | GA11: 0.05 | GC11: Sigilyph | GD11: 49-51 | GF11: 0.05 | GH11: Seviper | GI11: 33-35 | GK11: 0.05 | GM11: Golbat | GN11: 62-64 | GP11: 0.05 | GR11: Golbat | GS11: 62-64 | GU11: 0.05 | GW11: Golbat | GX11: 62-64 | GZ11: 0.05 | HB11: Golbat | HC11: 62-64 | HE11: 0.05 | HG11: Crawdaunt | HH11: 62-64 | HJ11: 0.05 | HL11: Arcanine | HM11: 63-65 | HO11: 0.05 | HQ11: Houndoom | HR11: 63-65 | HT11: 0.05 | HV11: Armarouge | HW11: 63-65 | HY11: 0.05 | IA11: Arcanine | IB11: 63-65 | ID11: 0.05 | IF11: Dedenne | IG11: 63-65 | II11: 0.05 | IK11: Seismitoad | IL11: 68-70 | IN11: 0.05 | IP11: Alakazam | IQ11: 68-70 | IS11: 0.05 | IU11: Lopunny | IV11: 68-70 | IX11: 0.05 | IZ11: Empoleon | JA11: 75-77 | JC11: 0.05 | JE11: Blaziken | JF11: 75-77 | JH11: 0.05 | JJ11: Volcarona | JK11: 80-82 | JM11: 0.05 | JO11: Lucario | JP11: 80-82 | JR11: 0.05 | JT11: Scizor | JU11: 80-82 | JY11: 0.05 | KA11: Gardevoir | KB11: 83-85 | KD11: 0.05 | KF11: Arcanine | KG11: 83-85 | KI11: 0.05 | KK11: Darmanitan | KL11: 83-85 | KN11: 0.05 | KP11: Klefki | KQ11: 83-85 | KS11: 0.05 | KU11: Arcanine-Hisui | KV11: 83-85 | KX11: 0.05 | KZ11: Morpeko | LA11: 83-85 | LC11: 0.05 | LE11: Braviary-Hisui | LF11: 83-85 | LH11: 0.05 | LJ11: Indeedee | LK11: 83-85 | LM11: 0.05 | LO11: Flutter Mane | LP11: 83-85 | LR11: 0.05 | LT11: Dragapult | LU11: 83-85 | LW11: 0.05 | LY11: Sandaconda | LZ11: 83-85
C12: 0.05 | E12: Pidgey | F12: 44260 | H12: 0.05 | J12: Greavard | K12: 44625 | M12: 0.05 | O12: Sandygast | P12: 44625 | R12: 0.05 | T12: Wingull | U12: 45022 | W12: 0.05 | Y12: Litleo | Z12: 44657 | AB12: 0.05 | AD12: Surskit | AE12: 44657 | AG12: 0.05 | AI12: Grubbin | AJ12: 44657 | AL12: 0.05 | AN12: Silicobra | AO12: 44751 | AQ12: 0.05 | AS12: Sinistea | AT12: 44751 | AV12: 0.05 | AX12: Buneary | AY12: 44846 | BA12: 0.05 | BC12: Makuhita | BD12: 44909 | BF12: 0.05 | BH12: Baltoy | BI12: 44909 | BK12: 0.05 | BM12: Smoochum | BN12: 44909 | BP12: 0.05 | BR12: Flabébé | BS12: 13-15 | BU12: 0.05 | BW12: Farfetch'd | BX12: 14-16 | BZ12: 0.05 | CB12: Whismur | CC12: 16-18 | CE12: 0.05 | CG12: Solosis | CH12: 18-20 | CJ12: 0.05 | CL12: Lickitung | CM12: 16-18 | CO12: 0.05 | CQ12: Crabrawler | CR12: 23-25 | CT12: 0.05 | CV12: Gligar | CW12: 23-25 | CY12: 0.05 | DA12: Mime Jr. | DB12: 25-27 | DD12: 0.05 | DF12: Tadbulb | DG12: 27-29 | DI12: 0.05 | DK12: Ferroseed | DL12: 29-31 | DN12: 0.05 | DP12: Cetoddle | DQ12: 30-32 | DS12: 0.05 | DU12: Passimian | DV12: 36-38 | DX12: 0.05 | DZ12: Comfey | EA12: 33-35 | EC12: 0.05 | EE12: Sableye | EF12: 45-47 | EH12: 0.05 | EJ12: Sableye | EK12: 45-47 | EM12: 0.05 | EO12: Sableye | EP12: 45-47 | ER12: 0.05 | ET12: Sableye | EU12: 45-47 | EW12: 0.05 | EY12: Skarmory | EZ12: 36-38 | FB12: 0.05 | FD12: Skarmory | FE12: 46-48 | FG12: 0.05 | FI12: Toxicroak | FJ12: 49-51 | FL12: 0.05 | FN12: Avalugg | FO12: 50-52 | FQ12: 0.05 | FS12: Bulbasaur | FT12: 48-50 | FV12: 0.05 | FX12: Charjabug | FY12: 48-50 | GA12: 0.05 | GC12: Sigilyph | GD12: 49-51 | GF12: 0.05 | GH12: Seviper | GI12: 33-35 | GK12: 0.05 | GM12: Golbat | GN12: 62-64 | GP12: 0.05 | GR12: Golbat | GS12: 62-64 | GU12: 0.05 | GW12: Golbat | GX12: 62-64 | GZ12: 0.05 | HB12: Golbat | HC12: 62-64 | HE12: 0.05 | HG12: Crawdaunt | HH12: 62-64 | HJ12: 0.05 | HL12: Arcanine | HM12: 63-65 | HO12: 0.05 | HQ12: Houndoom | HR12: 63-65 | HT12: 0.05 | HV12: Armarouge | HW12: 63-65 | HY12: 0.05 | IA12: Arcanine | IB12: 63-65 | ID12: 0.05 | IF12: Dedenne | IG12: 63-65 | II12: 0.05 | IK12: Seismitoad | IL12: 68-70 | IN12: 0.05 | IP12: Alakazam | IQ12: 68-70 | IS12: 0.05 | IU12: Gardevoir | IV12: 68-70 | IX12: 0.05 | IZ12: Empoleon | JA12: 75-77 | JC12: 0.05 | JE12: Blaziken | JF12: 75-77 | JH12: 0.05 | JJ12: Aegislash | JK12: 80-82 | JM12: 0.05 | JO12: Medicham | JP12: 80-82 | JR12: 0.05 | JT12: Aerodactyl | JU12: 80-82 | JY12: 0.05 | KA12: Gardevoir | KB12: 83-85 | KD12: 0.05 | KF12: Arcanine | KG12: 83-85 | KI12: 0.05 | KK12: Darmanitan | KL12: 83-85 | KN12: 0.05 | KP12: Klefki | KQ12: 83-85 | KS12: 0.05 | KU12: Arcanine-Hisui | KV12: 83-85 | KX12: 0.05 | KZ12: Morpeko | LA12: 83-85 | LC12: 0.05 | LE12: Braviary-Hisui | LF12: 83-85 | LH12: 0.05 | LJ12: Indeedee | LK12: 83-85 | LM12: 0.05 | LO12: Flutter Mane | LP12: 83-85 | LR12: 0.05 | LT12: Dragapult | LU12: 83-85 | LW12: 0.05 | LY12: Sandaconda | LZ12: 83-85
C13: 0.04 | E13: Smoliv | F13: 44231 | H13: 0.04 | J13: Pikipek | K13: 44625 | M13: 0.04 | O13: Bellsprout | P13: 44625 | R13: 0.04 | T13: Fidough | U13: 45022 | W13: 0.04 | Y13: Zigzagoon | Z13: 44625 | AB13: 0.04 | AD13: Shroomish | AE13: 44657 | AG13: 0.04 | AI13: Bramblin | AJ13: 44657 | AL13: 0.04 | AN13: Bronzor | AO13: 44751 | AQ13: 0.04 | AS13: Ekans | AT13: 44751 | AV13: 0.04 | AX13: Litleo | AY13: 44846 | BA13: 0.04 | BC13: Tyrogue | BD13: 44909 | BF13: 0.04 | BH13: Shuppet | BI13: 44909 | BK13: 0.04 | BM13: Smoochum | BN13: 44909 | BP13: 0.04 | BR13: Pumpkaboo-Sm | BS13: 13-15 | BU13: 0.04 | BW13: Ralts | BX13: 14-16 | BZ13: 0.04 | CB13: Squawkabilly-G | CC13: 16-18 | CE13: 0.04 | CG13: Grimer | CH13: 18-20 | CJ13: 0.04 | CL13: Flittle | CM13: 16-18 | CO13: 0.04 | CQ13: Flamigo | CR13: 23-25 | CT13: 0.04 | CV13: Golett | CW13: 23-25 | CY13: 0.04 | DA13: Tropius | DB13: 25-27 | DD13: 0.04 | DF13: Magnemite | DG13: 27-29 | DI13: 0.04 | DK13: Stonjourner | DL13: 29-31 | DN13: 0.04 | DP13: Cubchoo | DQ13: 30-32 | DS13: 0.04 | DU13: Mienfoo | DV13: 36-38 | DX13: 0.04 | DZ13: Girafarig | EA13: 33-35 | EC13: 0.04 | EE13: Polteageist | EF13: 45-47 | EH13: 0.04 | EJ13: Houndstone | EK13: 45-47 | EM13: 0.04 | EO13: Polteageist | EP13: 45-47 | ER13: 0.04 | ET13: Polteageist | EU13: 45-47 | EW13: 0.04 | EY13: Orthworm | EZ13: 36-38 | FB13: 0.04 | FD13: Drampa | FE13: 46-48 | FG13: 0.04 | FI13: Kabutops | FJ13: 49-51 | FL13: 0.04 | FN13: Mr. Mime-Galar | FO13: 50-52 | FQ13: 0.04 | FS13: Exeggutor-Alola | FT13: 48-50 | FV13: 0.04 | FX13: Durant | FY13: 48-50 | GA13: 0.04 | GC13: Ferrothorn | GD13: 49-51 | GF13: 0.04 | GH13: Golbat | GI13: 33-35 | GK13: 0.04 | GM13: Avalugg | GN13: 62-64 | GP13: 0.04 | GR13: Cryogonal | GS13: 62-64 | GU13: 0.04 | GW13: Sneasel | GX13: 62-64 | GZ13: 0.04 | HB13: Frosmoth | HC13: 62-64 | HE13: 0.04 | HG13: Golbat | HH13: 62-64 | HJ13: 0.04 | HL13: Sableye | HM13: 63-65 | HO13: 0.04 | HQ13: Banette | HR13: 63-65 | HT13: 0.04 | HV13: Krookodile | HW13: 63-65 | HY13: 0.04 | IA13: Banette | IB13: 63-65 | ID13: 0.04 | IF13: Electabuzz | IG13: 63-65 | II13: 0.04 | IK13: Duraludon | IL13: 68-70 | IN13: 0.04 | IP13: Duraludon | IQ13: 68-70 | IS13: 0.04 | IU13: Excadrill | IV13: 68-70 | IX13: 0.04 | IZ13: Mismagius | JA13: 75-77 | JC13: 0.04 | JE13: Morpeko | JF13: 75-77 | JH13: 0.04 | JJ13: Marowak | JK13: 80-82 | JM13: 0.04 | JO13: Kommo-o | JP13: 80-82 | JR13: 0.04 | JT13: Aerodactyl | JU13: 80-82 | JY13: 0.04 | KA13: Seviper | KB13: 83-85 | KD13: 0.04 | KF13: Volcarona | KG13: 83-85 | KI13: 0.04 | KK13: Arcanine-Hisui | KL13: 83-85 | KN13: 0.04 | KP13: Kingler | KQ13: 83-85 | KS13: 0.04 | KU13: Great Tusk | KV13: 83-85 | KX13: 0.04 | KZ13: Grapploct | LA13: 83-85 | LC13: 0.04 | LE13: Gliscor | LF13: 83-85 | LH13: 0.04 | LJ13: Roserade | LK13: 83-85 | LM13: 0.04 | LO13: Polteageist | LP13: 83-85 | LR13: 0.04 | LT13: Cursola | LU13: 83-85 | LW13: 0.04 | LY13: Smeargle | LZ13: 83-85
C14: 0.04 | E14: Smoliv | F14: 44231 | H14: 0.04 | J14: Pikipek | K14: 44625 | M14: 0.04 | O14: Rockruff | P14: 44625 | R14: 0.04 | T14: Fidough | U14: 45022 | W14: 0.04 | Y14: Abra | Z14: 44625 | AB14: 0.04 | AD14: Shroomish | AE14: 44657 | AG14: 0.04 | AI14: Pumpkaboo-Su | AJ14: 44657 | AL14: 0.04 | AN14: Machop | AO14: 44751 | AQ14: 0.04 | AS14: Phanpy | AT14: 44751 | AV14: 0.04 | AX14: Stunky | AY14: 44846 | BA14: 0.04 | BC14: Clefairy | BD14: 44909 | BF14: 0.04 | BH14: Shuppet | BI14: 44909 | BK14: 0.04 | BM14: Solrock | BN14: 44909 | BP14: 0.04 | BR14: Pumpkaboo-Sm | BS14: 13-15 | BU14: 0.04 | BW14: Abra | BX14: 14-16 | BZ14: 0.04 | CB14: Audino | CC14: 16-18 | CE14: 0.04 | CG14: Grimer | CH14: 18-20 | CJ14: 0.04 | CL14: Flittle | CM14: 16-18 | CO14: 0.04 | CQ14: Flamigo | CR14: 23-25 | CT14: 0.04 | CV14: Dugtrio | CW14: 23-25 | CY14: 0.04 | DA14: Tropius | DB14: 25-27 | DD14: 0.04 | DF14: Magnemite | DG14: 27-29 | DI14: 0.04 | DK14: Heatmor | DL14: 29-31 | DN14: 0.04 | DP14: Cubchoo | DQ14: 30-32 | DS14: 0.04 | DU14: Mienfoo | DV14: 36-38 | DX14: 0.04 | DZ14: Girafarig | EA14: 33-35 | EC14: 0.04 | EE14: Polteageist | EF14: 45-47 | EH14: 0.04 | EJ14: Houndstone | EK14: 45-47 | EM14: 0.04 | EO14: Polteageist | EP14: 45-47 | ER14: 0.04 | ET14: Polteageist | EU14: 45-47 | EW14: 0.04 | EY14: Orthworm | EZ14: 36-38 | FB14: 0.04 | FD14: Drampa | FE14: 46-48 | FG14: 0.04 | FI14: Kabutops | FJ14: 49-51 | FL14: 0.04 | FN14: Mr. Mime-Galar | FO14: 50-52 | FQ14: 0.04 | FS14: Duraludon | FT14: 48-50 | FV14: 0.04 | FX14: Durant | FY14: 48-50 | GA14: 0.04 | GC14: Ferrothorn | GD14: 49-51 | GF14: 0.04 | GH14: Golbat | GI14: 33-35 | GK14: 0.04 | GM14: Avalugg | GN14: 62-64 | GP14: 0.04 | GR14: Cryogonal | GS14: 62-64 | GU14: 0.04 | GW14: Sneasel | GX14: 62-64 | GZ14: 0.04 | HB14: Frosmoth | HC14: 62-64 | HE14: 0.04 | HG14: Golbat | HH14: 62-64 | HJ14: 0.04 | HL14: Sableye | HM14: 63-65 | HO14: 0.04 | HQ14: Banette | HR14: 63-65 | HT14: 0.04 | HV14: Krookodile | HW14: 63-65 | HY14: 0.04 | IA14: Banette | IB14: 63-65 | ID14: 0.04 | IF14: Electabuzz | IG14: 63-65 | II14: 0.04 | IK14: Duraludon | IL14: 68-70 | IN14: 0.04 | IP14: Duraludon | IQ14: 68-70 | IS14: 0.04 | IU14: Excadrill | IV14: 68-70 | IX14: 0.04 | IZ14: Mismagius | JA14: 75-77 | JC14: 0.04 | JE14: Morpeko | JF14: 75-77 | JH14: 0.04 | JJ14: Salamence | JK14: 80-82 | JM14: 0.04 | JO14: Kommo-o | JP14: 80-82 | JR14: 0.04 | JT14: Dragapult | JU14: 80-82 | JY14: 0.04 | KA14: Seviper | KB14: 83-85 | KD14: 0.04 | KF14: Volcarona | KG14: 83-85 | KI14: 0.04 | KK14: Arcanine-Hisui | KL14: 83-85 | KN14: 0.04 | KP14: Kingler | KQ14: 83-85 | KS14: 0.04 | KU14: Great Tusk | KV14: 83-85 | KX14: 0.04 | KZ14: Grapploct | LA14: 83-85 | LC14: 0.04 | LE14: Gliscor | LF14: 83-85 | LH14: 0.04 | LJ14: Roserade | LK14: 83-85 | LM14: 0.04 | LO14: Sinistcha | LP14: 83-85 | LR14: 0.04 | LT14: Cursola | LU14: 83-85 | LW14: 0.04 | LY14: Smeargle | LZ14: 83-85
C15: 0.01 | E15: Pansear | F15: 44231 | H15: 0.01 | J15: Snover | K15: 44625 | M15: 0.01 | O15: Panpour | P15: 44625 | R15: 0.01 | T15: Capsakid | U15: 45022 | W15: 0.01 | Y15: Pansage | Z15: 44625 | AB15: 0.01 | AD15: Joltik | AE15: 44688 | AG15: 0.01 | AI15: Nymble | AJ15: 44688 | AL15: 0.01 | AN15: Noibat | AO15: 44751 | AQ15: 0.01 | AS15: Axew | AT15: 44751 | AV15: 0.01 | AX15: Jigglypuff | AY15: 44846 | BA15: 0.01 | BC15: Elgyem | BD15: 44909 | BF15: 0.01 | BH15: Tinkatink | BI15: 44909 | BK15: 0.01 | BM15: Onix | BN15: 44909 | BP15: 0.01 | BR15: Yanma | BS15: 13-15 | BU15: 0.01 | BW15: Klawf | BX15: 14-16 | BZ15: 0.01 | CB15: Zangoose | CC15: 16-18 | CE15: 0.01 | CG15: Drifloon | CH15: 18-20 | CJ15: 0.01 | CL15: Togepi | CM15: 16-18 | CO15: 0.01 | CQ15: Sigilyph | CR15: 23-25 | CT15: 0.01 | CV15: Hippopotas | CW15: 23-25 | CY15: 0.01 | DA15: Skorupi | DB15: 25-27 | DD15: 0.01 | DF15: Sneasel-Hisui | DG15: 27-29 | DI15: 0.01 | DK15: Durant | DL15: 29-31 | DN15: 0.01 | DP15: Glimmet | DQ15: 30-32 | DS15: 0.01 | DU15: Porygon | DV15: 36-38 | DX15: 0.01 | DZ15: Miltank | EA15: 33-35 | EC15: 0.01 | EE15: Lampent | EF15: 45-47 | EH15: 0.01 | EJ15: Lampent | EK15: 45-47 | EM15: 0.01 | EO15: Lampent | EP15: 45-47 | ER15: 0.01 | ET15: Rotom | EU15: 45-47 | EW15: 0.01 | EY15: Escavalier | EZ15: 36-38 | FB15: 0.01 | FD15: Dracozolt | FE15: 46-48 | FG15: 0.01 | FI15: Arctovish | FJ15: 49-51 | FL15: 0.01 | FN15: Arctovish | FO15: 50-52 | FQ15: 0.01 | FS15: Charmander | FT15: 48-50 | FV15: 0.01 | FX15: Golisopod | FY15: 48-50 | GA15: 0.01 | GC15: Ditto | GD15: 49-51 | GF15: 0.01 | GH15: Staraptor | GI15: 33-35 | GK15: 0.01 | GM15: Jynx | GN15: 62-64 | GP15: 0.01 | GR15: Delibird | GS15: 62-64 | GU15: 0.01 | GW15: Delibird | GX15: 62-64 | GZ15: 0.01 | HB15: Jynx | HC15: 62-64 | HE15: 0.01 | HG15: Jynx | HH15: 62-64 | HJ15: 0.01 | HL15: Chimecho | HM15: 63-65 | HO15: 0.01 | HQ15: Chimecho | HR15: 63-65 | HT15: 0.01 | HV15: Chimecho | HW15: 63-65 | HY15: 0.01 | IA15: Chimecho | IB15: 63-65 | ID15: 0.01 | IF15: Electabuzz | IG15: 63-65 | II15: 0.01 | IK15: Type: Null | IL15: 68-70 | IN15: 0.01 | IP15: Type: Null | IQ15: 68-70 | IS15: 0.01 | IU15: Type: Null | IV15: 68-70 | IX15: 0.01 | IZ15: Unown | JA15: 75-77 | JC15: 0.01 | JE15: Unown | JF15: 75-77 | JH15: 0.01 | JJ15: Metagross | JK15: 80-82 | JM15: 0.01 | JO15: Baxcalibur | JP15: 80-82 | JR15: 0.01 | JT15: Iron Bundle | JU15: 80-82 | JY15: 0.01 | KA15: Seviper | KB15: 83-85 | KD15: 0.01 | KF15: Volcarona | KG15: 83-85 | KI15: 0.01 | KK15: Arcanine-Hisui | KL15: 83-85 | KN15: 0.01 | KP15: Meltan | KQ15: 83-85 | KS15: 0.01 | KU15: Meltan | KV15: 83-85 | KX15: 0.01 | KZ15: Scyther | LA15: 83-85 | LC15: 0.01 | LE15: Hawlucha | LF15: 83-85 | LH15: 0.01 | LJ15: Durant | LK15: 83-85 | LM15: 0.01 | LO15: Mimikyu | LP15: 83-85 | LR15: 0.01 | LT15: Spiritomb | LU15: 83-85 | LW15: 0.01 | LY15: Corviknight | LZ15: 83-85
C16: 0.01 | E16: Pansear | F16: 44231 | H16: 0.01 | J16: Snover | K16: 44625 | M16: 0.01 | O16: Panpour | P16: 44625 | R16: 0.01 | T16: Capsakid | U16: 45022 | W16: 0.01 | Y16: Pansage | Z16: 44625 | AB16: 0.01 | AD16: Joltik | AE16: 44657 | AG16: 0.01 | AI16: Nymble | AJ16: 44657 | AL16: 0.01 | AN16: Noibat | AO16: 44751 | AQ16: 0.01 | AS16: Bonsly | AT16: 44751 | AV16: 0.01 | AX16: Meowth-Alola | AY16: 44846 | BA16: 0.01 | BC16: Throh | BD16: 44909 | BF16: 0.01 | BH16: Riolu | BI16: 44909 | BK16: 0.01 | BM16: Onix | BN16: 44909 | BP16: 0.01 | BR16: Rookidee | BS16: 13-15 | BU16: 0.01 | BW16: Klawf | BX16: 14-16 | BZ16: 0.01 | CB16: Zangoose | CC16: 16-18 | CE16: 0.01 | CG16: Drifloon | CH16: 18-20 | CJ16: 0.01 | CL16: Togepi | CM16: 16-18 | CO16: 0.01 | CQ16: Sigilyph | CR16: 23-25 | CT16: 0.01 | CV16: Hippopotas | CW16: 23-25 | CY16: 0.01 | DA16: Skorupi | DB16: 25-27 | DD16: 0.01 | DF16: Sneasel-Hisui | DG16: 27-29 | DI16: 0.01 | DK16: Durant | DL16: 29-31 | DN16: 0.01 | DP16: Glimmet | DQ16: 30-32 | DS16: 0.01 | DU16: Porygon | DV16: 36-38 | DX16: 0.01 | DZ16: Miltank | EA16: 33-35 | EC16: 0.01 | EE16: Lampent | EF16: 45-47 | EH16: 0.01 | EJ16: Lampent | EK16: 45-47 | EM16: 0.01 | EO16: Lampent | EP16: 45-47 | ER16: 0.01 | ET16: Rotom | EU16: 45-47 | EW16: 0.01 | EY16: Cufant | EZ16: 36-38 | FB16: 0.01 | FD16: Dracozolt | FE16: 46-48 | FG16: 0.01 | FI16: Dracovish | FJ16: 49-51 | FL16: 0.01 | FN16: Arctozolt | FO16: 50-52 | FQ16: 0.01 | FS16: Charmander | FT16: 48-50 | FV16: 0.01 | FX16: Golisopod | FY16: 48-50 | GA16: 0.01 | GC16: Ditto | GD16: 49-51 | GF16: 0.01 | GH16: Staraptor | GI16: 33-35 | GK16: 0.01 | GM16: Jynx | GN16: 62-64 | GP16: 0.01 | GR16: Delibird | GS16: 62-64 | GU16: 0.01 | GW16: Delibird | GX16: 62-64 | GZ16: 0.01 | HB16: Jynx | HC16: 62-64 | HE16: 0.01 | HG16: Jynx | HH16: 62-64 | HJ16: 0.01 | HL16: Chimecho | HM16: 63-65 | HO16: 0.01 | HQ16: Chimecho | HR16: 63-65 | HT16: 0.01 | HV16: Chimecho | HW16: 63-65 | HY16: 0.01 | IA16: Chimecho | IB16: 63-65 | ID16: 0.01 | IF16: Electabuzz | IG16: 63-65 | II16: 0.01 | IK16: Type: Null | IL16: 68-70 | IN16: 0.01 | IP16: Type: Null | IQ16: 68-70 | IS16: 0.01 | IU16: Type: Null | IV16: 68-70 | IX16: 0.01 | IZ16: Unown | JA16: 75-77 | JC16: 0.01 | JE16: Unown | JF16: 75-77 | JH16: 0.01 | JJ16: Salamence | JK16: 80-82 | JM16: 0.01 | JO16: Tyranitar | JP16: 80-82 | JR16: 0.01 | JT16: Dragonite | JU16: 80-82 | JY16: 0.01 | KA16: Seviper | KB16: 83-85 | KD16: 0.01 | KF16: Volcarona | KG16: 83-85 | KI16: 0.01 | KK16: Arcanine-Hisui | KL16: 83-85 | KN16: 0.01 | KP16: Meltan | KQ16: 83-85 | KS16: 0.01 | KU16: Meltan | KV16: 83-85 | KX16: 0.01 | KZ16: Scyther | LA16: 83-85 | LC16: 0.01 | LE16: Hawlucha | LF16: 83-85 | LH16: 0.01 | LJ16: Durant | LK16: 83-85 | LM16: 0.01 | LO16: Mimikyu | LP16: 83-85 | LR16: 0.01 | LT16: Spiritomb | LU16: 83-85 | LW16: 0.01 | LY16: Corviknight | LZ16: 83-85
C18: =Source!$C9 | D18: ROUTE 1 | H18: =Source!$C9 | I18: VIRIDIAN CITY | M18: =Source!$C9 | N18: ROUTE 22 | R18: =Source!$C9 | S18: ROUTE 21A | W18: =Source!$C9 | X18: ROUTE 2 | AB18: =Source!$C9 | AC18: VIRIDIAN FOREST | AG18: =Source!$C9 | AH18: FOREST EXPANSION | AL18: =Source!$C9 | AM18: DIGLETT CAVE | AQ18: =Source!$C9 | AR18: PEWTER CITY | AV18: =Source!$C9 | AW18: ROUTE 3 | BA18: =Source!$C9 | BB18: MT MOON 1F | BF18: =Source!$C9 | BG18: MT MOON B1F | BK18: =Source!$C9 | BL18: MT MOON B2F | BP18: =Source!$C9 | BQ18: ROUTE 4 | BU18: =Source!$C9 | BV18: ROUTE 24 | BZ18: =Source!$C9 | CA18: ROUTE 25 | CE18: =Source!$C9 | CF18: ROUTE 5 | CJ18: =Source!$C9 | CK18: ROUTE 6 | CO18: =Source!$C9 | CP18: ROUTE 11 | CT18: =Source!$C9 | CU18: DIGLETT CAVE B1F | CY18: =Source!$C9 | CZ18: ROUTE 9 | DD18: =Source!$C9 | DE18: ROUTE 10 | DI18: =Source!$C9 | DJ18: ROCK TUNNEL 1F | DN18: =Source!$C9 | DO18: ROCK TUNNEL B1F | DS18: =Source!$C9 | DT18: ROUTE 7 | DX18: =Source!$C9 | DY18: ROUTE 8 | EC18: =Source!$C9 | ED18: PKMN TOWER 3&5F | EH18: =Source!$C9 | EI18: PKMN TOWER 4F | EM18: =Source!$C9 | EN18: PKMN TOWER 6F | ER18: =Source!$C9 | ES18: PKMN TOWER 7F | EW18: =Source!$C9 | EX18: ROUTE 16 | FB18: =Source!$C9 | FC18: ROUTE 17 | FG18: =Source!$C9 | FH18: ROUTE 18 | FL18: =Source!$C9 | FM18: ROUTE 12 | FQ18: =Source!$C9 | FR18: ROUTE 13 | FV18: =Source!$C9 | FW18: ROUTE 14 | GA18: =Source!$C9 | GB18: ROUTE 15 | GF18: =Source!$C9 | GG18: ROUTE 23 | GK18: =Source!$C9 | GL18: SEAFOAM 1F | GP18: =Source!$C9 | GQ18: SEAFOAM B1F | GU18: =Source!$C9 | GV18: SEAFOAM B2F | GZ18: =Source!$C9 | HA18: SEAFOAM B3F | HE18: =Source!$C9 | HF18: SEAFOAM B4F | HJ18: =Source!$C9 | HK18: MANSION 1F | HO18: =Source!$C9 | HP18: MANSION 2F | HT18: =Source!$C9 | HU18: MANSION 3F | HY18: =Source!$C9 | HZ18: MANSION B1F | ID18: =Source!$C9 | IE18: POWER PLANT | II18: =Source!$C9 | IJ18: CERULEAN CAVE 1F | IN18: =Source!$C9 | IO18: CERULEAN CAVE 2F | IS18: =Source!$C9 | IT18: CERULEAN CAVE B1F | IX18: =Source!$C9 | IY18: MANSION 4F | JC18: =Source!$C9 | JD18: GOUGING'S ROOM | JH18: =Source!$C9 | JI18: VICTORY ROAD 1F | JM18: =Source!$C9 | JN18: VICTORY ROAD 2F | JR18: =Source!$C9 | JS18: VICTORY ROAD 3F | JY18: =Source!$C9 | JZ18: KINDLE ROAD | KD18: =Source!$C9 | KE18: MT. EMBER EXTERIOR | KI18: =Source!$C9 | KJ18: MT. EMBER 1F | KN18: =Source!$C9 | KO18: TREASURE BEACH | KS18: =Source!$C9 | KT18: ROCK TUNNEL (SECRET) | KX18: =Source!$C9 | KY18: CAPE BRINK | LC18: =Source!$C9 | LD18: BOND BRIDGE | LH18: =Source!$C9 | LI18: BERRY FOREST | LM18: =Source!$C9 | LN18: PKMN TOWER 8F | LR18: =Source!$C9 | LS18: PKMN TOWER 9F | LW18: =Source!$C9 | LX18: THREE ISLAND
C19: Rarity | D19: Pokémon | F19: Level | H19: Rarity | I19: Pokémon | K19: Level | M19: Rarity | N19: Pokémon | P19: Level | R19: Rarity | S19: Pokémon | U19: Level | W19: Rarity | X19: Pokémon | Z19: Level | AB19: Rarity | AC19: Pokémon | AE19: Level | AG19: Rarity | AH19: Pokémon | AJ19: Level | AL19: Rarity | AM19: Pokémon | AO19: Level | AQ19: Rarity | AR19: Pokémon | AT19: Level | AV19: Rarity | AW19: Pokémon | AY19: Level | BA19: Rarity | BB19: Pokémon | BD19: Level | BF19: Rarity | BG19: Pokémon | BI19: Level | BK19: Rarity | BL19: Pokémon | BN19: Level | BP19: Rarity | BQ19: Pokémon | BS19: Level | BU19: Rarity | BV19: Pokémon | BX19: Level | BZ19: Rarity | CA19: Pokémon | CC19: Level | CE19: Rarity | CF19: Pokémon | CH19: Level | CJ19: Rarity | CK19: Pokémon | CM19: Level | CO19: Rarity | CP19: Pokémon | CR19: Level | CT19: Rarity | CU19: Pokémon | CW19: Level | CY19: Rarity | CZ19: Pokémon | DB19: Level | DD19: Rarity | DE19: Pokémon | DG19: Level | DI19: Rarity | DJ19: Pokémon | DL19: Level | DN19: Rarity | DO19: Pokémon | DQ19: Level | DS19: Rarity | DT19: Pokémon | DV19: Level | DX19: Rarity | DY19: Pokémon | EA19: Level | EC19: Rarity | ED19: Pokémon | EF19: Level | EH19: Rarity | EI19: Pokémon | EK19: Level | EM19: Rarity | EN19: Pokémon | EP19: Level | ER19: Rarity | ES19: Pokémon | EU19: Level | EW19: Rarity | EX19: Pokémon | EZ19: Level | FB19: Rarity | FC19: Pokémon | FE19: Level | FG19: Rarity | FH19: Pokémon | FJ19: Level | FL19: Rarity | FM19: Pokémon | FO19: Level | FQ19: Rarity | FR19: Pokémon | FT19: Level | FV19: Rarity | FW19: Pokémon | FY19: Level | GA19: Rarity | GB19: Pokémon | GD19: Level | GF19: Rarity | GG19: Pokémon | GI19: Level | GK19: Rarity | GL19: Pokémon | GN19: Level | GP19: Rarity | GQ19: Pokémon | GS19: Level | GU19: Rarity | GV19: Pokémon | GX19: Level | GZ19: Rarity | HA19: Pokémon | HC19: Level | HE19: Rarity | HF19: Pokémon | HH19: Level | HJ19: Rarity | HK19: Pokémon | HM19: Level | HO19: Rarity | HP19: Pokémon | HR19: Level | HT19: Rarity | HU19: Pokémon | HW19: Level | HY19: Rarity | HZ19: Pokémon | IB19: Level | ID19: Rarity | IE19: Pokémon | IG19: Level | II19: Rarity | IJ19: Pokémon | IL19: Level | IN19: Rarity | IO19: Pokémon | IQ19: Level | IS19: Rarity | IT19: Pokémon | IV19: Level | IX19: Rarity | IY19: Pokémon | JA19: Level | JC19: Rarity | JD19: Pokémon | JF19: Level | JH19: Rarity | JI19: Pokémon | JK19: Level | JM19: Rarity | JN19: Pokémon | JP19: Level | JR19: Rarity | JS19: Pokémon | JU19: Level | JY19: Rarity | JZ19: Pokémon | KB19: Level | KD19: Rarity | KE19: Pokémon | KG19: Level | KI19: Rarity | KJ19: Pokémon | KL19: Level | KN19: Rarity | KO19: Pokémon | KQ19: Level | KS19: Rarity | KT19: Pokémon | KV19: Level | KX19: Rarity | KY19: Pokémon | LA19: Level | LC19: Rarity | LD19: Pokémon | LF19: Level | LH19: Rarity | LI19: Pokémon | LK19: Level | LM19: Rarity | LN19: Pokémon | LP19: Level | LR19: Rarity | LS19: Pokémon | LU19: Level | LW19: Rarity | LX19: Pokémon | LZ19: Level
C20: 0.2 | D20: {=IFERROR(VLOOKUP(E20:E31,Dex!$B$3:$N33,2,FALSE),"")} | E20: Poochyena | F20: 44231 | H20: 0.2 | I20: {=IFERROR(VLOOKUP(J20:J31,Dex!$B$3:$N33,2,FALSE),"")} | J20: Pawmi | K20: 44625 | M20: 0.2 | N20: {=IFERROR(VLOOKUP(O20:O31,Dex!$B$3:$N33,2,FALSE),"")} | O20: Starly | P20: 44625 | R20: 0.2 | S20: {=IFERROR(VLOOKUP(T20:T31,Dex!$B$3:$N33,2,FALSE),"")} | T20: Wooper-Paldea | U20: 45022 | W20: 0.2 | X20: {=IFERROR(VLOOKUP(Y20:Y31,Dex!$B$3:$N33,2,FALSE),"")} | Y20: Poochyena | Z20: 44625 | AB20: 0.2 | AC20: {=IFERROR(VLOOKUP(AD20:AD31,Dex!$B$3:$N33,2,FALSE),"")} | AD20: Spinarak | AE20: 44657 | AG20: 0.2 | AH20: {=IFERROR(VLOOKUP(AI20:AI31,Dex!$B$3:$N33,2,FALSE),"")} | AI20: Tarountula | AJ20: 44657 | AL20: 0.2 | AM20: {=IFERROR(VLOOKUP(AN20:AN31,Dex!$B$3:$N33,2,FALSE),"")} | AN20: Diglett-Alola | AO20: 44751 | AQ20: 0.2 | AR20: {=IFERROR(VLOOKUP(AS20:AS21,Dex!$B$3:$N33,2,FALSE),"")} | AS20: Grimer-Alola | AT20: 44751 | AV20: 0.2 | AW20: {=IFERROR(VLOOKUP(AX20:AX31,Dex!$B$3:$N33,2,FALSE),"")} | AX20: Fletchling | AY20: 44846 | BA20: 0.2 | BB20: {=IFERROR(VLOOKUP(BC20:BC31,Dex!$B$3:$N33,2,FALSE),"")} | BC20: Geodude-Alola | BD20: 44909 | BF20: 0.2 | BG20: {=IFERROR(VLOOKUP(BH20:BH31,Dex!$B$3:$N33,2,FALSE),"")} | BH20: Paras | BI20: 44909 | BK20: 0.2 | BL20: {=IFERROR(VLOOKUP(BM20:BM31,Dex!$B$3:$N33,2,FALSE),"")} | BM20: Mawile | BN20: 44909 | BP20: 0.2 | BQ20: {=IFERROR(VLOOKUP(BR20:BR31,Dex!$B$3:$N33,2,FALSE),"")} | BR20: Pidove | BS20: 13-15 | BU20: 0.2 | BV20: {=IFERROR(VLOOKUP(BW20:BW31,Dex!$B$3:$N33,2,FALSE),"")} | BW20: Snubbull | BX20: 14-16 | BZ20: 0.2 | CA20: {=IFERROR(VLOOKUP(CB20:CB31,Dex!$B$3:$N33,2,FALSE),"")} | CB20: Swablu | CC20: 16-18 | CE20: 0.2 | CF20: {=IFERROR(VLOOKUP(CG20:CG31,Dex!$B$3:$N33,2,FALSE),"")} | CG20: Meowth-Galar | CH20: 18-20 | CJ20: 0.2 | CK20: {=IFERROR(VLOOKUP(CL20:CL31,Dex!$B$3:$N33,2,FALSE),"")} | CL20: Bounsweet | CM20: 16-18 | CO20: 0.2 | CP20: {=IFERROR(VLOOKUP(CQ20:CQ31,Dex!$B$3:$N33,2,FALSE),"")} | CQ20: Pancham | CR20: 23-25 | CT20: 0.2 | CU20: {=IFERROR(VLOOKUP(CV20:CV31,Dex!$B$3:$N33,2,FALSE),"")} | CV20: Diglett-Alola | CW20: 23-25 | CY20: 0.2 | CZ20: {=IFERROR(VLOOKUP(DA20:DA31,Dex!$B$3:$N33,2,FALSE),"")} | DA20: Shelmet | DB20: 25-27 | DD20: 0.2 | DE20: {=IFERROR(VLOOKUP(DF20:DF31,Dex!$B$3:$N33,2,FALSE),"")} | DF20: Voltorb-Hisui | DG20: 27-29 | DI20: 0.2 | DJ20: {=IFERROR(VLOOKUP(DK20:DK31,Dex!$B$3:$N33,2,FALSE),"")} | DK20: Graveler-Alola | DL20: 29-31 | DN20: 0.2 | DO20: {=IFERROR(VLOOKUP(DP20:DP31,Dex!$B$3:$N33,2,FALSE),"")} | DP20: Bergmite | DQ20: 30-32 | DS20: 0.2 | DT20: {=IFERROR(VLOOKUP(DU20:DU31,Dex!$B$3:$N33,2,FALSE),"")} | DU20: Deerling-Winter | DV20: 36-38 | DX20: 0.2 | DY20: {=IFERROR(VLOOKUP(DZ20:DZ31,Dex!$B$3:$N33,2,FALSE),"")} | DZ20: Foongus | EA20: 33-35 | EC20: 0.2 | ED20: {=IFERROR(VLOOKUP(EE20:EE31,Dex!$B$3:$N33,2,FALSE),"")} | EE20: Haunter | EF20: 45-47 | EH20: 0.2 | EI20: {=IFERROR(VLOOKUP(EJ20:EJ31,Dex!$B$3:$N33,2,FALSE),"")} | EJ20: Haunter | EK20: 45-47 | EM20: 0.2 | EN20: {=IFERROR(VLOOKUP(EO20:EO31,Dex!$B$3:$N33,2,FALSE),"")} | EO20: Haunter | EP20: 45-47 | ER20: 0.2 | ES20: {=IFERROR(VLOOKUP(ET20:ET31,Dex!$B$3:$N33,2,FALSE),"")} | ET20: Haunter | EU20: 45-47 | EW20: 0.2 | EX20: {=IFERROR(VLOOKUP(EY20:EY31,Dex!$B$3:$N33,2,FALSE),"")} | EY20: Scyther | EZ20: 36-38 | FB20: 0.2 | FC20: {=IFERROR(VLOOKUP(FD20:FD31,Dex!$B$3:$N33,2,FALSE),"")} | FD20: Weezing-Galar | FE20: 46-48 | FG20: 0.2 | FH20: {=IFERROR(VLOOKUP(FI20:FI31,Dex!$B$3:$N33,2,FALSE),"")} | FI20: Xatu | FJ20: 49-51 | FL20: 0.2 | FM20: {=IFERROR(VLOOKUP(FN20:FN31,Dex!$B$3:$N33,2,FALSE),"")} | FN20: Sneasel | FO20: 50-52 | FQ20: 0.2 | FR20: {=IFERROR(VLOOKUP(FS20:FS31,Dex!$B$3:$N33,2,FALSE),"")} | FS20: Talonflame | FT20: 48-50 | FV20: 0.2 | FW20: {=IFERROR(VLOOKUP(FX20:FX31,Dex!$B$3:$N33,2,FALSE),"")} | FX20: Pelipper | FY20: 48-50 | GA20: 0.2 | GB20: {=IFERROR(VLOOKUP(GC20:GC31,Dex!$B$3:$N33,2,FALSE),"")} | GC20: Amoonguss | GD20: 49-51 | GF20: 0.2 | GG20: {=IFERROR(VLOOKUP(GH20:GH31,Dex!$B$3:$N33,2,FALSE),"")} | GH20: Primeape | GI20: 33-35 | GK20: 0.2 | GL20: {=IFERROR(VLOOKUP(GM20:GM31,Dex!$B$3:$N33,2,FALSE),"")} | GM20: Sandslash-Alola | GN20: 62-64 | GP20: 0.2 | GQ20: {=IFERROR(VLOOKUP(GR20:GR31,Dex!$B$3:$N33,2,FALSE),"")} | GR20: Sandslash-Alola | GS20: 62-64 | GU20: 0.2 | GV20: {=IFERROR(VLOOKUP(GW20:GW31,Dex!$B$3:$N33,2,FALSE),"")} | GW20: Abomasnow | GX20: 62-64 | GZ20: 0.2 | HA20: {=IFERROR(VLOOKUP(HB20:HB31,Dex!$B$3:$N33,2,FALSE),"")} | HB20: Sandslash-Alola | HC20: 62-64 | HE20: 0.2 | HF20: {=IFERROR(VLOOKUP(HG20:HG31,Dex!$B$3:$N33,2,FALSE),"")} | HG20: Piloswine | HH20: 62-64 | HJ20: 0.2 | HK20: {=IFERROR(VLOOKUP(HL20:HL31,Dex!$B$3:$N33,2,FALSE),"")} | HL20: Raticate-Alola | HM20: 63-65 | HO20: 0.2 | HP20: {=IFERROR(VLOOKUP(HQ20:HQ31,Dex!$B$3:$N33,2,FALSE),"")} | HQ20: Obstagoon | HR20: 63-65 | HT20: 0.2 | HU20: {=IFERROR(VLOOKUP(HV20:HV31,Dex!$B$3:$N33,2,FALSE),"")} | HV20: Komala | HW20: 63-65 | HY20: 0.2 | HZ20: {=IFERROR(VLOOKUP(IA20:IA31,Dex!$B$3:$N33,2,FALSE),"")} | IA20: Raticate-Alola | IB20: 63-65 | ID20: 0.2 | IE20: {=IFERROR(VLOOKUP(IF20:IF31,Dex!$B$3:$N33,2,FALSE),"")} | IF20: Magneton | IG20: 63-65 | II20: 0.2 | IJ20: {=IFERROR(VLOOKUP(IK20:IK31,Dex!$B$3:$N33,2,FALSE),"")} | IK20: Parasect | IL20: 68-70 | IN20: 0.2 | IO20: {=IFERROR(VLOOKUP(IP20:IP31,Dex!$B$3:$N33,2,FALSE),"")} | IP20: Brute Bonnet | IQ20: 68-70 | IS20: 0.2 | IT20: {=IFERROR(VLOOKUP(IU20:IU31,Dex!$B$3:$N33,2,FALSE),"")} | IU20: Iron Treads | IV20: 68-70 | IX20: 0.2 | IY20: {=IFERROR(VLOOKUP(IZ20:IZ31,Dex!$B$3:$N33,2,FALSE),"")} | IZ20: Unown | JA20: 75-77 | JC20: 0.2 | JD20: {=IFERROR(VLOOKUP(JE20:JE31,Dex!$B$3:$N33,2,FALSE),"")} | JE20: Unown | JF20: 75-77 | JH20: 0.2 | JI20: {=IFERROR(VLOOKUP(JJ20:JJ31,Dex!$B$3:$N33,2,FALSE),"")} | JJ20: Flutter Mane | JK20: 80-82 | JM20: 0.2 | JN20: {=IFERROR(VLOOKUP(JO20:JO31,Dex!$B$3:$N33,2,FALSE),"")} | JO20: Baxcalibur | JP20: 80-82 | JR20: 0.2 | JS20: {=IFERROR(VLOOKUP(JT20:JT31,Dex!$B$3:$N33,2,FALSE),"")} | JT20: Dragonite | JU20: 80-82 | JY20: 0.2 | JZ20: {=IFERROR(VLOOKUP(KA20:KA31,Dex!$B$3:$N33,2,FALSE),"")} | KA20: Absol | KB20: 83-85 | KD20: 0.2 | KE20: {=IFERROR(VLOOKUP(KF20:KF31,Dex!$B$3:$N33,2,FALSE),"")} | KF20: Doduo-Sevii | KG20: 60-65 | KI20: 0.2 | KJ20: {=IFERROR(VLOOKUP(KK20:KK31,Dex!$B$3:$N33,2,FALSE),"")} | KK20: Torkoal | KL20: 85-85 | KN20: 0.2 | KO20: {=IFERROR(VLOOKUP(KP20:KP31,Dex!$B$3:$N33,2,FALSE),"")} | KP20: Sirfetch'd | KQ20: 85-85 | KS20: 0.2 | KT20: {=IFERROR(VLOOKUP(KU20:KU31,Dex!$B$3:$N33,2,FALSE),"")} | KU20: Ursaluna | KV20: 85-85 | KX20: 0.2 | KY20: {=IFERROR(VLOOKUP(KZ20:KZ31,Dex!$B$3:$N33,2,FALSE),"")} | KZ20: Electrode-Hisui | LA20: 85-85 | LC20: 0.2 | LD20: {=IFERROR(VLOOKUP(LE20:LE31,Dex!$B$3:$N33,2,FALSE),"")} | LE20: Decidueye-Hisui | LF20: 85-85 | LH20: 0.2 | LI20: {=IFERROR(VLOOKUP(LJ20:LJ31,Dex!$B$3:$N33,2,FALSE),"")} | LJ20: Carnivine-Sevii | LK20: 85-85 | LM20: 0.2 | LN20: {=IFERROR(VLOOKUP(LO20:LO31,Dex!$B$3:$N33,2,FALSE),"")} | LO20: Teddiursa-Sevii | LP20: 85-85 | LR20: 0.2 | LS20: {=IFERROR(VLOOKUP(LT20:LT31,Dex!$B$3:$N33,2,FALSE),"")} | LT20: Wishiwashi-Sevii | LU20: 85-85 | LW20: 0.2 | LX20: {=IFERROR(VLOOKUP(LY20:LY31,Dex!$B$3:$N33,2,FALSE),"")} | LY20: Dunsparce | LZ20: 85-85
C21: 0.2 | E21: Zigzagoon-Galar | F21: 44231 | H21: 0.2 | J21: Mareep | K21: 44625 | M21: 0.2 | O21: Sandshrew-Alola | P21: 44625 | R21: 0.2 | T21: Lechonk | U21: 45022 | W21: 0.2 | Y21: Sentret | Z21: 44625 | AB21: 0.2 | AD21: Wurmple | AE21: 44657 | AG21: 0.2 | AI21: Blipbug | AJ21: 44657 | AL21: 0.2 | AN21: Nacli | AO21: 44751 | AQ21: 0.2 | AS21: Starly | AT21: 44751 | AV21: 0.2 | AX21: Ekans | AY21: 44846 | BA21: 0.2 | BC21: Zubat | BD21: 44909 | BF21: 0.2 | BH21: Nacli | BI21: 44909 | BK21: 0.2 | BM21: Zubat | BN21: 44909 | BP21: 0.2 | BR21: Oddish | BS21: 13-15 | BU21: 0.2 | BW21: Cottonee | BX21: 14-16 | BZ21: 0.2 | CB21: Taillow | CC21: 16-18 | CE21: 0.2 | CG21: Hatenna | CH21: 18-20 | CJ21: 0.2 | CL21: Gossifleur | CM21: 16-18 | CO21: 0.2 | CQ21: Ducklett | CR21: 23-25 | CT21: 0.2 | CV21: Diglett-Alola | CW21: 23-25 | CY21: 0.2 | DA21: Exeggcute | DB21: 25-27 | DD21: 0.2 | DF21: Electrike | DG21: 27-29 | DI21: 0.2 | DK21: Aron | DL21: 29-31 | DN21: 0.2 | DP21: Rhyhorn | DQ21: 30-32 | DS21: 0.2 | DU21: Inkay | DV21: 36-38 | DX21: 0.2 | DZ21: Minccino | EA21: 33-35 | EC21: 0.2 | EE21: Runerigus | EF21: 45-47 | EH21: 0.2 | EJ21: Runerigus | EK21: 45-47 | EM21: 0.2 | EO21: Runerigus | EP21: 45-47 | ER21: 0.2 | ET21: Runerigus | EU21: 45-47 | EW21: 0.2 | EY21: Forretress | EZ21: 36-38 | FB21: 0.2 | FD21: Cyclizar | FE21: 46-48 | FG21: 0.2 | FI21: Vikavolt | FJ21: 49-51 | FL21: 0.2 | FN21: Dewgong | FO21: 50-52 | FQ21: 0.2 | FS21: Pyroar | FT21: 48-50 | FV21: 0.2 | FX21: Swadloon | FY21: 48-50 | GA21: 0.2 | GC21: Ambipom | GD21: 49-51 | GF21: 0.2 | GH21: Fearow | GI21: 33-35 | GK21: 0.2 | GM21: Snorunt | GN21: 62-64 | GP21: 0.2 | GR21: Darmanitan-Galar | GS21: 62-64 | GU21: 0.2 | GW21: Snorunt | GX21: 62-64 | GZ21: 0.2 | HB21: Darmanitan-Galar | HC21: 62-64 | HE21: 0.2 | HG21: Abomasnow | HH21: 62-64 | HJ21: 0.2 | HL21: Audino | HM21: 63-65 | HO21: 0.2 | HQ21: Garbodor | HR21: 63-65 | HT21: 0.2 | HV21: Seviper | HW21: 63-65 | HY21: 0.2 | IA21: Garbodor | IB21: 63-65 | ID21: 0.2 | IF21: Electrode | IG21: 63-65 | II21: 0.2 | IK21: Golbat | IL21: 68-70 | IN21: 0.2 | IP21: Iron Treads | IQ21: 68-70 | IS21: 0.2 | IU21: Noivern | IV21: 68-70 | IX21: 0.2 | IZ21: Unown | JA21: 75-77 | JC21: 0.2 | JE21: Unown | JF21: 75-77 | JH21: 0.2 | JJ21: Metagross | JK21: 80-82 | JM21: 0.2 | JO21: Garchomp | JP21: 80-82 | JR21: 0.2 | JT21: Roaring Moon | JU21: 80-82 | JY21: 0.2 | KA21: Smeargle | KB21: 83-85 | KD21: 0.2 | KF21: Coalossal | KG21: 83-85 | KI21: 0.2 | KK21: Magcargo | KL21: 84-85 | KN21: 0.2 | KP21: Sirfetch'd | KQ21: 84-85 | KS21: 0.2 | KU21: Noibat-Sevii | KV21: 84-85 | KX21: 0.2 | KZ21: Blitzle-Sevii | LA21: 84-85 | LC21: 0.2 | LE21: Sneasel-Hisui | LF21: 84-85 | LH21: 0.2 | LJ21: Nymble-Sevii | LK21: 84-85 | LM21: 0.2 | LO21: Zoroark-Hisui | LP21: 84-85 | LR21: 0.2 | LT21: Typhlosion-Hisui | LU21: 84-85 | LW21: 0.2 | LY21: Clauncher-Sevii | LZ21: 84-85
C22: 0.1 | E22: Rattata-Alola | F22: 44231 | H22: 0.1 | J22: Poochyena | K22: 44625 | M22: 0.1 | O22: Mankey | P22: 44625 | R22: 0.1 | T22: Wiglett | U22: 45022 | W22: 0.1 | Y22: Ponyta-Galar | Z22: 44625 | AB22: 0.1 | AD22: Pikachu | AE22: 44657 | AG22: 0.1 | AI22: Chingling | AJ22: 44657 | AL22: 0.1 | AN22: Numel | AO22: 44751 | AQ22: 0.1 | AS22: Exeggcute | AT22: 44751 | AV22: 0.1 | AX22: Spearow | AY22: 44846 | BA22: 0.1 | BC22: Rockruff | BD22: 44909 | BF22: 0.1 | BH22: Roggenrola | BI22: 44909 | BK22: 0.1 | BM22: Pawniard | BN22: 44909 | BP22: 0.1 | BR22: Mareep | BS22: 13-15 | BU22: 0.1 | BW22: Yamper | BX22: 14-16 | BZ22: 0.1 | CB22: Venonat | CC22: 16-18 | CE22: 0.1 | CG22: Gothita | CH22: 18-20 | CJ22: 0.1 | CL22: Trubbish | CM22: 16-18 | CO22: 0.1 | CQ22: Drowzee | CR22: 23-25 | CT22: 0.1 | CV22: Stunfisk-Galar | CW22: 23-25 | CY22: 0.1 | DA22: Salandit | DB22: 25-27 | DD22: 0.1 | DF22: Blitzle | DG22: 27-29 | DI22: 0.1 | DK22: Dwebble | DL22: 29-31 | DN22: 0.1 | DP22: Swinub | DQ22: 30-32 | DS22: 0.1 | DU22: Vullaby | DV22: 36-38 | DX22: 0.1 | DZ22: Vanillite | EA22: 33-35 | EC22: 0.1 | EE22: Dusclops | EF22: 45-47 | EH22: 0.1 | EJ22: Dusclops | EK22: 45-47 | EM22: 0.1 | EO22: Dusclops | EP22: 45-47 | ER22: 0.1 | ET22: Dusclops | EU22: 45-47 | EW22: 0.1 | EY22: Rhyhorn | EZ22: 36-38 | FB22: 0.1 | FD22: Muk-Alola | FE22: 46-48 | FG22: 0.1 | FI22: Politoed | FJ22: 49-51 | FL22: 0.1 | FN22: Walrein | FO22: 50-52 | FQ22: 0.1 | FS22: Arcanine | FT22: 48-50 | FV22: 0.1 | FX22: Torkoal | FY22: 48-50 | GA22: 0.1 | GC22: Tsareena | GD22: 49-51 | GF22: 0.1 | GH22: Simisage | GI22: 33-35 | GK22: 0.1 | GM22: Beartic | GN22: 62-64 | GP22: 0.1 | GR22: Vanilluxe | GS22: 62-64 | GU22: 0.1 | GW22: Ninetales-Alola | GX22: 62-64 | GZ22: 0.1 | HB22: Ninetales-Alola | HC22: 62-64 | HE22: 0.1 | HG22: Ninetales-Alola | HH22: 62-64 | HJ22: 0.1 | HL22: Muk-Alola | HM22: 63-65 | HO22: 0.1 | HQ22: Weezing-Galar | HR22: 63-65 | HT22: 0.1 | HV22: Ariados | HW22: 63-65 | HY22: 0.1 | IA22: Ariados | IB22: 63-65 | ID22: 0.1 | IF22: Manectric | IG22: 63-65 | II22: 0.1 | IK22: Conkeldurr | IL22: 68-70 | IN22: 0.1 | IP22: Pangoro | IQ22: 68-70 | IS22: 0.1 | IU22: Toxicroak | IV22: 68-70 | IX22: 0.1 | IZ22: Meowscarada | JA22: 75-77 | JC22: 0.1 | JE22: Infernape | JF22: 75-77 | JH22: 0.1 | JJ22: Goodra-Hisui | JK22: 80-82 | JM22: 0.1 | JO22: Tyranitar | JP22: 80-82 | JR22: 0.1 | JT22: Dragapult | JU22: 80-82 | JY22: 0.1 | KA22: Alcremie-Strbrry | KB22: 83-85 | KD22: 0.1 | KF22: Darmanitan | KG22: 83-85 | KI22: 0.1 | KK22: Ninetales | KL22: 84-85 | KN22: 0.1 | KP22: Lilligant-Hisui | KQ22: 84-85 | KS22: 0.1 | KU22: Aggron | KV22: 84-85 | KX22: 0.1 | KZ22: Shiftry | LA22: 84-85 | LC22: 0.1 | LE22: Hatterene | LF22: 84-85 | LH22: 0.1 | LJ22: Decidueye-Hisui | LK22: 84-85 | LM22: 0.1 | LO22: Gengar | LP22: 84-85 | LR22: 0.1 | LT22: Flutter Mane | LU22: 83-85 | LW22: 0.1 | LY22: Goodra-Hisui | LZ22: 84-85
C23: 0.1 | E23: Scraggy | F23: 44231 | H23: 0.1 | J23: Spearow | K23: 44625 | M23: 0.1 | O23: Morelull | P23: 44625 | R23: 0.1 | T23: Wiglett | U23: 45022 | W23: 0.1 | Y23: Phanpy | Z23: 44625 | AB23: 0.1 | AD23: Burmy-Trash | AE23: 44657 | AG23: 0.1 | AI23: Burmy-Trash | AJ23: 44657 | AL23: 0.1 | AN23: Yamask-Galar | AO23: 44751 | AQ23: 0.1 | AR23: {=IFERROR(VLOOKUP(AS23:AS31,Dex!$B$3:$N33,2,FALSE),"")} | AS23: Espurr | AT23: 44751 | AV23: 0.1 | AX23: Nidoran-F | AY23: 44846 | BA23: 0.1 | BC23: Machop | BD23: 44909 | BF23: 0.1 | BH23: Slugma | BI23: 44909 | BK23: 0.1 | BM23: Rolycoly | BN23: 44909 | BP23: 0.1 | BR23: Pachirisu | BS23: 13-15 | BU23: 0.1 | BW23: Charcadet | BX23: 14-16 | BZ23: 0.1 | CB23: Tadbulb | CC23: 16-18 | CE23: 0.1 | CG23: Vulpix-Alola | CH23: 18-20 | CJ23: 0.1 | CL23: Furfrou | CM23: 16-18 | CO23: 0.1 | CQ23: Baltoy | CR23: 23-25 | CT23: 0.1 | CV23: Silicobra | CW23: 23-25 | CY23: 0.1 | DA23: Dewpider | DB23: 25-27 | DD23: 0.1 | DF23: Pincurchin | DG23: 27-29 | DI23: 0.1 | DK23: Lunatone | DL23: 29-31 | DN23: 0.1 | DP23: Cubone | DQ23: 30-32 | DS23: 0.1 | DU23: Vullaby | DV23: 36-38 | DX23: 0.1 | DZ23: Absol | EA23: 33-35 | EC23: 0.1 | EE23: Mismagius | EF23: 45-47 | EH23: 0.1 | EJ23: Mismagius | EK23: 45-47 | EM23: 0.1 | EO23: Annihilape | EP23: 45-47 | ER23: 0.1 | ET23: Mismagius | EU23: 45-47 | EW23: 0.1 | EY23: Falinks | EZ23: 36-38 | FB23: 0.1 | FD23: Zebstrika | FE23: 46-48 | FG23: 0.1 | FI23: Abomasnow | FJ23: 49-51 | FL23: 0.1 | FN23: Froslass | FO23: 50-52 | FQ23: 0.1 | FS23: Magmar | FT23: 48-50 | FV23: 0.1 | FX23: Torkoal | FY23: 48-50 | GA23: 0.1 | GC23: Galvantula | GD23: 49-51 | GF23: 0.1 | GH23: Simisear | GI23: 33-35 | GK23: 0.1 | GM23: Beartic | GN23: 62-64 | GP23: 0.1 | GR23: Vanilluxe | GS23: 62-64 | GU23: 0.1 | GW23: Ninetales-Alola | GX23: 62-64 | GZ23: 0.1 | HB23: Ninetales-Alola | HC23: 62-64 | HE23: 0.1 | HG23: Ninetales-Alola | HH23: 62-64 | HJ23: 0.1 | HL23: Muk-Alola | HM23: 63-65 | HO23: 0.1 | HQ23: Swalot | HR23: 63-65 | HT23: 0.1 | HV23: Ariados | HW23: 63-65 | HY23: 0.1 | IA23: Ariados | IB23: 63-65 | ID23: 0.1 | IF23: Vikavolt | IG23: 63-65 | II23: 0.1 | IK23: Conkeldurr | IL23: 68-70 | IN23: 0.1 | IP23: Pangoro | IQ23: 68-70 | IS23: 0.1 | IU23: Toxicroak | IV23: 68-70 | IX23: 0.1 | IZ23: Meowscarada | JA23: 75-77 | JC23: 0.1 | JE23: Infernape | JF23: 75-77 | JH23: 0.1 | JJ23: Steelix | JK23: 80-82 | JM23: 0.1 | JO23: Machamp | JP23: 80-82 | JR23: 0.1 | JT23: Mawile | JU23: 80-82 | JY23: 0.1 | KA23: Alcremie-Strbrry | KB23: 83-85 | KD23: 0.1 | KF23: Darmanitan | KG23: 83-85 | KI23: 0.1 | KK23: Ninetales | KL23: 84-85 | KN23: 0.1 | KP23: Lilligant-Hisui | KQ23: 84-85 | KS23: 0.1 | KU23: Aggron | KV23: 84-85 | KX23: 0.1 | KZ23: Shiftry | LA23: 84-85 | LC23: 0.1 | LE23: Hatterene | LF23: 84-85 | LH23: 0.1 | LJ23: Decidueye-Hisui | LK23: 84-85 | LM23: 0.1 | LO23: Gengar | LP23: 84-85 | LR23: 0.1 | LT23: Flutter Mane | LU23: 83-85 | LW23: 0.1 | LY23: Goodra-Hisui | LZ23: 84-85
C24: 0.1 | E24: Meowth-Galar | F24: 44231 | H24: 0.1 | J24: Patrat | K24: 44625 | M24: 0.1 | O24: Flabébé | P24: 44625 | R24: 0.1 | T24: Dwebble | U24: 45022 | W24: 0.1 | Y24: Meditite | Z24: 44625 | AB24: 0.1 | AD24: Nincada | AE24: 44657 | AG24: 0.1 | AI24: Nincada | AJ24: 44657 | AL24: 0.1 | AN24: Sandshrew | AO24: 44751 | AQ24: 0.1 | AS24: Skiddo | AT24: 44751 | AV24: 0.1 | AX24: Nickit | AY24: 44846 | BA24: 0.1 | BC24: Noibat | BD24: 45576 | BF24: 0.1 | BH24: Torkoal | BI24: 44909 | BK24: 0.1 | BM24: Shieldon | BN24: 44909 | BP24: 0.1 | BR24: Stunky | BS24: 13-15 | BU24: 0.1 | BW24: Magby | BX24: 14-16 | BZ24: 0.1 | CB24: Karrablast | CC24: 16-18 | CE24: 0.1 | CG24: Spritzee | CH24: 18-20 | CJ24: 0.1 | CL24: Sizzlipede | CM24: 16-18 | CO24: 0.1 | CQ24: Cacnea | CR24: 23-25 | CT24: 0.1 | CV24: Shellos | CW24: 23-25 | CY24: 0.1 | DA24: Indeedee-F | DB24: 25-27 | DD24: 0.1 | DF24: Minun | DG24: 27-29 | DI24: 0.1 | DK24: Onix | DL24: 29-31 | DN24: 0.1 | DP24: Nosepass | DQ24: 30-32 | DS24: 0.1 | DU24: Cutiefly | DV24: 36-38 | DX24: 0.1 | DZ24: Absol | EA24: 33-35 | EC24: 0.1 | EE24: Mismagius | EF24: 45-47 | EH24: 0.1 | EJ24: Mismagius | EK24: 45-47 | EM24: 0.1 | EO24: Annihilape | EP24: 45-47 | ER24: 0.1 | ET24: Mismagius | EU24: 45-47 | EW24: 0.1 | EY24: Cufant | EZ24: 36-38 | FB24: 0.1 | FD24: Grumpig | FE24: 46-48 | FG24: 0.1 | FI24: Altaria | FJ24: 49-51 | FL24: 0.1 | FN24: Sawk | FO24: 50-52 | FQ24: 0.1 | FS24: Simisear | FT24: 48-50 | FV24: 0.1 | FX24: Palossand | FY24: 48-50 | GA24: 0.1 | GC24: Simipour | GD24: 49-51 | GF24: 0.1 | GH24: Simipour | GI24: 33-35 | GK24: 0.1 | GM24: Walrein | GN24: 62-64 | GP24: 0.1 | GR24: Golduck | GS24: 62-64 | GU24: 0.1 | GW24: Kingler | GX24: 62-64 | GZ24: 0.1 | HB24: Golduck | HC24: 62-64 | HE24: 0.1 | HG24: Dewgong | HH24: 62-64 | HJ24: 0.1 | HL24: Weezing-Galar | HM24: 63-65 | HO24: 0.1 | HQ24: Heatmor | HR24: 63-65 | HT24: 0.1 | HV24: Rapidash-Galar | HW24: 63-65 | HY24: 0.1 | IA24: Magmar | IB24: 63-65 | ID24: 0.1 | IF24: Ampharos | IG24: 63-65 | II24: 0.1 | IK24: Magneton | IL24: 68-70 | IN24: 0.1 | IP24: Iron Treads | IQ24: 68-70 | IS24: 0.1 | IU24: Lopunny | IV24: 68-70 | IX24: 0.1 | IZ24: Quaquaval | JA24: 75-77 | JC24: 0.1 | JE24: Typhlosion | JF24: 75-77 | JH24: 0.1 | JJ24: Audino | JK24: 80-82 | JM24: 0.1 | JO24: Medicham | JP24: 80-82 | JR24: 0.1 | JT24: Mawile | JU24: 80-82 | JY24: 0.1 | KA24: Centiskorch-Sevii | KB24: 83-85 | KD24: 0.1 | KF24: Houndoom | KG24: 83-85 | KI24: 0.1 | KK24: Pyroar | KL24: 84-85 | KN24: 0.1 | KP24: Sandaconda | KQ24: 84-85 | KS24: 0.1 | KU24: Stunfisk | KV24: 84-85 | KX24: 0.1 | KZ24: Slowbro | LA24: 84-85 | LC24: 0.1 | LE24: Crustle | LF24: 84-85 | LH24: 0.1 | LJ24: Pinsir | LK24: 84-85 | LM24: 0.1 | LO24: Mimikyu | LP24: 84-85 | LR24: 0.1 | LT24: Spiritomb | LU24: 84-85 | LW24: 0.1 | LY24: Samurott-Hisui | LZ24: 84-85
C25: 0.1 | E25: Hoothoot | F25: 44231 | H25: 0.1 | J25: Cubchoo | K25: 44657 | M25: 0.1 | O25: Skwovet | P25: 44625 | R25: 0.1 | T25: Snubbull | U25: 45022 | W25: 0.1 | Y25: Shinx | Z25: 44625 | AB25: 0.1 | AD25: Kricketot | AE25: 44657 | AG25: 0.1 | AI25: Kricketot | AJ25: 44657 | AL25: 0.1 | AN25: Geodude-Alola | AO25: 44751 | AQ25: 0.1 | AS25: Numel | AT25: 44751 | AV25: 0.1 | AX25: Skiddo | AY25: 44846 | BA25: 0.1 | BC25: Tympole | BD25: 44909 | BF25: 0.1 | BH25: Teddiursa | BI25: 44909 | BK25: 0.1 | BM25: Drilbur | BN25: 44909 | BP25: 0.1 | BR25: Tandemaus | BS25: 13-15 | BU25: 0.1 | BW25: Illumise | BX25: 14-16 | BZ25: 0.1 | CB25: Doduo | CC25: 16-18 | CE25: 0.1 | CG25: Morelull | CH25: 18-20 | CJ25: 0.1 | CL25: Dedenne | CM25: 16-18 | CO25: 0.1 | CQ25: Bunnelby | CR25: 23-25 | CT25: 0.1 | CV25: Sandile | CW25: 23-25 | CY25: 0.1 | DA25: Rufflet | DB25: 25-27 | DD25: 0.1 | DF25: Skitty | DG25: 27-29 | DI25: 0.1 | DK25: Carbink | DL25: 29-31 | DN25: 0.1 | DP25: Cryogonal | DQ25: 30-32 | DS25: 0.1 | DU25: Applin | DV25: 36-38 | DX25: 0.1 | DZ25: Venipede | EA25: 33-35 | EC25: 0.1 | EE25: Cubone | EF25: 45-47 | EH25: 0.1 | EJ25: Cubone | EK25: 45-47 | EM25: 0.1 | EO25: Cubone | EP25: 45-47 | ER25: 0.1 | ET25: Cubone | EU25: 45-47 | EW25: 0.1 | EY25: Durant | EZ25: 36-38 | FB25: 0.1 | FD25: Torkoal | FE25: 46-48 | FG25: 0.1 | FI25: Jynx | FJ25: 49-51 | FL25: 0.1 | FN25: Cetitan | FO25: 50-52 | FQ25: 0.1 | FS25: Oricorio | FT25: 48-50 | FV25: 0.1 | FX25: Palossand | FY25: 48-50 | GA25: 0.1 | GC25: Oricorio | GD25: 49-51 | GF25: 0.1 | GH25: Simipour | GI25: 33-35 | GK25: 0.1 | GM25: Walrein | GN25: 62-64 | GP25: 0.1 | GR25: Golduck | GS25: 62-64 | GU25: 0.1 | GW25: Kingler | GX25: 62-64 | GZ25: 0.1 | HB25: Golduck | HC25: 62-64 | HE25: 0.1 | HG25: Dewgong | HH25: 62-64 | HJ25: 0.1 | HL25: Liepard | HM25: 63-65 | HO25: 0.1 | HQ25: Salazzle | HR25: 63-65 | HT25: 0.1 | HV25: Skuntank | HW25: 63-65 | HY25: 0.1 | IA25: Mightyena | IB25: 63-65 | ID25: 0.1 | IF25: Ampharos | IG25: 63-65 | II25: 0.1 | IK25: Magneton | IL25: 68-70 | IN25: 0.1 | IP25: Audino | IQ25: 68-70 | IS25: 0.1 | IU25: Iron Treads | IV25: 68-70 | IX25: 0.1 | IZ25: Quaquaval | JA25: 75-77 | JC25: 0.1 | JE25: Typhlosion | JF25: 75-77 | JH25: 0.1 | JJ25: Salamence | JK25: 80-82 | JM25: 0.1 | JO25: Lucario | JP25: 80-82 | JR25: 0.1 | JT25: Toxtricity | JU25: 80-82 | JY25: 0.1 | KA25: Centiskorch-Sevii | KB25: 83-85 | KD25: 0.1 | KF25: Dodrio-Sevii | KG25: 83-85 | KI25: 0.1 | KK25: Pyroar | KL25: 83-85 | KN25: 0.1 | KP25: Sandaconda | KQ25: 83-85 | KS25: 0.1 | KU25: Stunfisk | KV25: 83-85 | KX25: 0.1 | KZ25: Slowbro | LA25: 83-85 | LC25: 0.1 | LE25: Crustle | LF25: 83-85 | LH25: 0.1 | LJ25: Pinsir | LK25: 83-85 | LM25: 0.1 | LO25: Mimikyu | LP25: 83-85 | LR25: 0.1 | LT25: Spiritomb | LU25: 83-85 | LW25: 0.1 | LY25: Samurott-Hisui | LZ25: 83-85
C26: 0.05 | E26: Pidgey | F26: 44260 | H26: 0.05 | J26: Deerling-Autumn | K26: 44625 | M26: 0.05 | O26: Applin | P26: 44625 | R26: 0.05 | T26: Wingull | U26: 45022 | W26: 0.05 | Y26: Mareep | Z26: 44625 | AB26: 0.05 | AD26: Ledyba | AE26: 44657 | AG26: 0.05 | AI26: Slakoth | AJ26: 44657 | AL26: 0.05 | AN26: Trapinch | AO26: 44751 | AQ26: 0.05 | AS26: Gastly | AT26: 44751 | AV26: 0.05 | AX26: Shroodle | AY26: 44846 | BA26: 0.05 | BC26: Dunsparce | BD26: 44909 | BF26: 0.05 | BH26: Tinkatink | BI26: 44909 | BK26: 0.05 | BM26: Mudbray | BN26: 44909 | BP26: 0.05 | BR26: Phantump | BS26: 13-15 | BU26: 0.05 | BW26: Buizel | BX26: 14-16 | BZ26: 0.05 | CB26: Aipom | CC26: 16-18 | CE26: 0.05 | CG26: Growlithe-Hisui | CH26: 18-20 | CJ26: 0.05 | CL26: Komala | CM26: 16-18 | CO26: 0.05 | CQ26: Scraggy | CR26: 23-25 | CT26: 0.05 | CV26: Drilbur | CW26: 23-25 | CY26: 0.05 | DA26: Espurr | DB26: 25-27 | DD26: 0.05 | DF26: Emolga | DG26: 27-29 | DI26: 0.05 | DK26: Minior | DL26: 29-31 | DN26: 0.05 | DP26: Cetoddle | DQ26: 30-32 | DS26: 0.05 | DU26: Oranguru | DV26: 36-38 | DX26: 0.05 | DZ26: Morgrem | EA26: 33-35 | EC26: 0.05 | EE26: Spiritomb | EF26: 45-47 | EH26: 0.05 | EJ26: Spiritomb | EK26: 45-47 | EM26: 0.05 | EO26: Spiritomb | EP26: 45-47 | ER26: 0.05 | ET26: Spiritomb | EU26: 45-47 | EW26: 0.05 | EY26: Togedemaru | EZ26: 36-38 | FB26: 0.05 | FD26: Skarmory | FE26: 46-48 | FG26: 0.05 | FI26: Heliolisk | FJ26: 49-51 | FL26: 0.05 | FN26: Avalugg-Hisui | FO26: 50-52 | FQ26: 0.05 | FS26: Charmander | FT26: 48-50 | FV26: 0.05 | FX26: Charjabug | FY26: 48-50 | GA26: 0.05 | GC26: Sigilyph | GD26: 49-51 | GF26: 0.05 | GH26: Seviper | GI26: 33-35 | GK26: 0.05 | GM26: Golbat | GN26: 62-64 | GP26: 0.05 | GR26: Golbat | GS26: 62-64 | GU26: 0.05 | GW26: Golbat | GX26: 62-64 | GZ26: 0.05 | HB26: Golbat | HC26: 62-64 | HE26: 0.05 | HG26: Crawdaunt | HH26: 62-64 | HJ26: 0.05 | HL26: Ninetales | HM26: 63-65 | HO26: 0.05 | HQ26: Ninetales | HR26: 63-65 | HT26: 0.05 | HV26: Ceruledge | HW26: 63-65 | HY26: 0.05 | IA26: Ninetales | IB26: 63-65 | ID26: 0.05 | IF26: Togedemaru | IG26: 63-65 | II26: 0.05 | IK26: Seismitoad | IL26: 68-70 | IN26: 0.05 | IP26: Reuniclus | IQ26: 68-70 | IS26: 0.05 | IU26: Lopunny | IV26: 68-70 | IX26: 0.05 | IZ26: Empoleon | JA26: 75-77 | JC26: 0.05 | JE26: Blaziken | JF26: 75-77 | JH26: 0.05 | JJ26: Volcarona | JK26: 80-82 | JM26: 0.05 | JO26: Lucario | JP26: 80-82 | JR26: 0.05 | JT26: Scizor | JU26: 80-82 | JY26: 0.05 | KA26: Grimmsnarl | KB26: 83-85 | KD26: 0.05 | KF26: Arcanine-Hisui | KG26: 83-85 | KI26: 0.05 | KK26: Darmanitan | KL26: 83-85 | KN26: 0.05 | KP26: Klefki | KQ26: 83-85 | KS26: 0.05 | KU26: Arcanine-Hisui | KV26: 83-85 | KX26: 0.05 | KZ26: Morpeko | LA26: 83-85 | LC26: 0.05 | LE26: Braviary-Hisui | LF26: 83-85 | LH26: 0.05 | LJ26: Indeedee-F | LK26: 83-85 | LM26: 0.05 | LO26: Flutter Mane | LP26: 83-85 | LR26: 0.05 | LT26: Dragapult | LU26: 83-85 | LW26: 0.05 | LY26: Sandaconda | LZ26: 83-85
C27: 0.05 | E27: Pidgey | F27: 44260 | H27: 0.05 | J27: Shuppet | K27: 44625 | M27: 0.05 | O27: Sandygast | P27: 44625 | R27: 0.05 | T27: Wingull | U27: 45022 | W27: 0.05 | Y27: Houndour | Z27: 44657 | AB27: 0.05 | AD27: Rellor | AE27: 44657 | AG27: 0.05 | AI27: Rellor | AJ27: 44657 | AL27: 0.05 | AN27: Sandile | AO27: 44751 | AQ27: 0.05 | AS27: Poltchageist | AT27: 44751 | AV27: 0.05 | AX27: Shroodle | AY27: 44846 | BA27: 0.05 | BC27: Dunsparce | BD27: 44909 | BF27: 0.05 | BH27: Sandile | BI27: 44909 | BK27: 0.05 | BM27: Munna | BN27: 44909 | BP27: 0.05 | BR27: Flabébé | BS27: 13-15 | BU27: 0.05 | BW27: Murkrow | BX27: 14-16 | BZ27: 0.05 | CB27: Purrloin | CC27: 16-18 | CE27: 0.05 | CG27: Gothita | CH27: 18-20 | CJ27: 0.05 | CL27: Komala | CM27: 16-18 | CO27: 0.05 | CQ27: Scraggy | CR27: 23-25 | CT27: 0.05 | CV27: Gligar | CW27: 23-25 | CY27: 0.05 | DA27: Espurr | DB27: 25-27 | DD27: 0.05 | DF27: Emolga | DG27: 27-29 | DI27: 0.05 | DK27: Ferroseed | DL27: 29-31 | DN27: 0.05 | DP27: Cetoddle | DQ27: 30-32 | DS27: 0.05 | DU27: Oranguru | DV27: 36-38 | DX27: 0.05 | DZ27: Morgrem | EA27: 33-35 | EC27: 0.05 | EE27: Sableye | EF27: 45-47 | EH27: 0.05 | EJ27: Sableye | EK27: 45-47 | EM27: 0.05 | EO27: Sableye | EP27: 45-47 | ER27: 0.05 | ET27: Sableye | EU27: 45-47 | EW27: 0.05 | EY27: Skarmory | EZ27: 36-38 | FB27: 0.05 | FD27: Skarmory | FE27: 46-48 | FG27: 0.05 | FI27: Heliolisk | FJ27: 49-51 | FL27: 0.05 | FN27: Avalugg-Hisui | FO27: 50-52 | FQ27: 0.05 | FS27: Charmander | FT27: 48-50 | FV27: 0.05 | FX27: Charjabug | FY27: 48-50 | GA27: 0.05 | GC27: Sigilyph | GD27: 49-51 | GF27: 0.05 | GH27: Seviper | GI27: 33-35 | GK27: 0.05 | GM27: Golbat | GN27: 62-64 | GP27: 0.05 | GR27: Golbat | GS27: 62-64 | GU27: 0.05 | GW27: Golbat | GX27: 62-64 | GZ27: 0.05 | HB27: Golbat | HC27: 62-64 | HE27: 0.05 | HG27: Crawdaunt | HH27: 62-64 | HJ27: 0.05 | HL27: Ninetales | HM27: 63-65 | HO27: 0.05 | HQ27: Ninetales | HR27: 63-65 | HT27: 0.05 | HV27: Ceruledge | HW27: 63-65 | HY27: 0.05 | IA27: Ninetales | IB27: 63-65 | ID27: 0.05 | IF27: Togedemaru | IG27: 63-65 | II27: 0.05 | IK27: Seismitoad | IL27: 68-70 | IN27: 0.05 | IP27: Reuniclus | IQ27: 68-70 | IS27: 0.05 | IU27: Gardevoir | IV27: 68-70 | IX27: 0.05 | IZ27: Empoleon | JA27: 75-77 | JC27: 0.05 | JE27: Blaziken | JF27: 75-77 | JH27: 0.05 | JJ27: Aegislash | JK27: 80-82 | JM27: 0.05 | JO27: Medicham | JP27: 80-82 | JR27: 0.05 | JT27: Aerodactyl | JU27: 80-82 | JY27: 0.05 | KA27: Grimmsnarl | KB27: 83-85 | KD27: 0.05 | KF27: Arcanine-Hisui | KG27: 83-85 | KI27: 0.05 | KK27: Darmanitan | KL27: 83-85 | KN27: 0.05 | KP27: Klefki | KQ27: 83-85 | KS27: 0.05 | KU27: Arcanine-Hisui | KV27: 83-85 | KX27: 0.05 | KZ27: Morpeko | LA27: 83-85 | LC27: 0.05 | LE27: Braviary-Hisui | LF27: 83-85 | LH27: 0.05 | LJ27: Indeedee-F | LK27: 83-85 | LM27: 0.05 | LO27: Flutter Mane | LP27: 83-85 | LR27: 0.05 | LT27: Dragapult | LU27: 83-85 | LW27: 0.05 | LY27: Sandaconda | LZ27: 83-85
C28: 0.04 | E28: Seedot | F28: 44231 | H28: 0.04 | J28: Wattrel | K28: 44625 | M28: 0.04 | O28: Paras | P28: 44625 | R28: 0.04 | T28: Maschiff | U28: 45022 | W28: 0.04 | Y28: Zigzagoon-Galar | Z28: 44625 | AB28: 0.04 | AD28: Toedscool | AE28: 44657 | AG28: 0.04 | AI28: Bramblin | AJ28: 44657 | AL28: 0.04 | AN28: Bronzor | AO28: 44751 | AQ28: 0.04 | AS28: Ekans | AT28: 44751 | AV28: 0.04 | AX28: Litleo | AY28: 44846 | BA28: 0.04 | BC28: Tyrogue | BD28: 44909 | BF28: 0.04 | BH28: Misdreavus | BI28: 44909 | BK28: 0.04 | BM28: Munna | BN28: 44909 | BP28: 0.04 | BR28: Pumpkaboo-La | BS28: 13-15 | BU28: 0.04 | BW28: Ralts | BX28: 14-16 | BZ28: 0.04 | CB28: Squawkabilly-W | CC28: 16-18 | CE28: 0.04 | CG28: Grimer-Alola | CH28: 18-20 | CJ28: 0.04 | CL28: Meditite | CM28: 16-18 | CO28: 0.04 | CQ28: Bombirdier | CR28: 23-25 | CT28: 0.04 | CV28: Sandygast | CW28: 23-25 | CY28: 0.04 | DA28: Tropius | DB28: 25-27 | DD28: 0.04 | DF28: Magnemite | DG28: 27-29 | DI28: 0.04 | DK28: Stonjourner | DL28: 29-31 | DN28: 0.04 | DP28: Sneasel | DQ28: 30-32 | DS28: 0.04 | DU28: Mienfoo | DV28: 36-38 | DX28: 0.04 | DZ28: Stantler | EA28: 33-35 | EC28: 0.04 | EE28: Polteageist | EF28: 45-47 | EH28: 0.04 | EJ28: Houndstone | EK28: 45-47 | EM28: 0.04 | EO28: Polteageist | EP28: 45-47 | ER28: 0.04 | ET28: Polteageist | EU28: 45-47 | EW28: 0.04 | EY28: Orthworm | EZ28: 36-38 | FB28: 0.04 | FD28: Turtonator | FE28: 46-48 | FG28: 0.04 | FI28: Omastar | FJ28: 49-51 | FL28: 0.04 | FN28: Mr. Mime-Galar | FO28: 50-52 | FQ28: 0.04 | FS28: Turtonator | FT28: 48-50 | FV28: 0.04 | FX28: Durant | FY28: 48-50 | GA28: 0.04 | GC28: Ferrothorn | GD28: 49-51 | GF28: 0.04 | GH28: Golbat | GI28: 33-35 | GK28: 0.04 | GM28: Avalugg | GN28: 62-64 | GP28: 0.04 | GR28: Cryogonal | GS28: 62-64 | GU28: 0.04 | GW28: Sneasel | GX28: 62-64 | GZ28: 0.04 | HB28: Frosmoth | HC28: 62-64 | HE28: 0.04 | HG28: Golbat | HH28: 62-64 | HJ28: 0.04 | HL28: Sableye | HM28: 63-65 | HO28: 0.04 | HQ28: Banette | HR28: 63-65 | HT28: 0.04 | HV28: Krookodile | HW28: 63-65 | HY28: 0.04 | IA28: Banette | IB28: 63-65 | ID28: 0.04 | IF28: Electabuzz | IG28: 63-65 | II28: 0.04 | IK28: Duraludon | IL28: 68-70 | IN28: 0.04 | IP28: Duraludon | IQ28: 68-70 | IS28: 0.04 | IU28: Excadrill | IV28: 68-70 | IX28: 0.04 | IZ28: Froslass | JA28: 75-77 | JC28: 0.04 | JE28: Morpeko | JF28: 75-77 | JH28: 0.04 | JJ28: Marowak-Alola | JK28: 80-82 | JM28: 0.04 | JO28: Kommo-o | JP28: 80-82 | JR28: 0.04 | JT28: Aerodactyl | JU28: 80-82 | JY28: 0.04 | KA28: Eelektross | KB28: 83-85 | KD28: 0.04 | KF28: Volcarona | KG28: 83-85 | KI28: 0.04 | KK28: Arcanine-Hisui | KL28: 83-85 | KN28: 0.04 | KP28: Crawdaunt | KQ28: 83-85 | KS28: 0.04 | KU28: Iron Treads | KV28: 83-85 | KX28: 0.04 | KZ28: Grapploct | LA28: 83-85 | LC28: 0.04 | LE28: Gliscor | LF28: 83-85 | LH28: 0.04 | LJ28: Tsareena | LK28: 83-85 | LM28: 0.04 | LO28: Polteageist | LP28: 83-85 | LR28: 0.04 | LT28: Cursola | LU28: 83-85 | LW28: 0.04 | LY28: Smeargle | LZ28: 83-85
C29: 0.04 | E29: Seedot | F29: 44231 | H29: 0.04 | J29: Wattrel | K29: 44625 | M29: 0.04 | O29: Rockruff | P29: 44625 | R29: 0.04 | T29: Maschiff | U29: 45022 | W29: 0.04 | Y29: Abra | Z29: 44625 | AB29: 0.04 | AD29: Toedscool | AE29: 44657 | AG29: 0.04 | AI29: Phantump | AJ29: 44657 | AL29: 0.04 | AN29: Pancham | AO29: 44751 | AQ29: 0.04 | AS29: Phanpy | AT29: 44751 | AV29: 0.04 | AX29: Glameow | AY29: 44846 | BA29: 0.04 | BC29: Clefairy | BD29: 44909 | BF29: 0.04 | BH29: Misdreavus | BI29: 44909 | BK29: 0.04 | BM29: Lunatone | BN29: 44909 | BP29: 0.04 | BR29: Pumpkaboo-La | BS29: 13-15 | BU29: 0.04 | BW29: Abra | BX29: 14-16 | BZ29: 0.04 | CB29: Audino | CC29: 16-18 | CE29: 0.04 | CG29: Grimer-Alola | CH29: 18-20 | CJ29: 0.04 | CL29: Meditite | CM29: 16-18 | CO29: 0.04 | CQ29: Bombirdier | CR29: 23-25 | CT29: 0.04 | CV29: Dugtrio-Alola | CW29: 23-25 | CY29: 0.04 | DA29: Tropius | DB29: 25-27 | DD29: 0.04 | DF29: Magnemite | DG29: 27-29 | DI29: 0.04 | DK29: Heatmor | DL29: 29-31 | DN29: 0.04 | DP29: Sneasel | DQ29: 30-32 | DS29: 0.04 | DU29: Mienfoo | DV29: 36-38 | DX29: 0.04 | DZ29: Stantler | EA29: 33-35 | EC29: 0.04 | EE29: Polteageist | EF29: 45-47 | EH29: 0.04 | EJ29: Houndstone | EK29: 45-47 | EM29: 0.04 | EO29: Polteageist | EP29: 45-47 | ER29: 0.04 | ET29: Polteageist | EU29: 45-47 | EW29: 0.04 | EY29: Orthworm | EZ29: 36-38 | FB29: 0.04 | FD29: Turtonator | FE29: 46-48 | FG29: 0.04 | FI29: Omastar | FJ29: 49-51 | FL29: 0.04 | FN29: Mr. Mime-Galar | FO29: 50-52 | FQ29: 0.04 | FS29: Duraludon | FT29: 48-50 | FV29: 0.04 | FX29: Durant | FY29: 48-50 | GA29: 0.04 | GC29: Ferrothorn | GD29: 49-51 | GF29: 0.04 | GH29: Golbat | GI29: 33-35 | GK29: 0.04 | GM29: Avalugg | GN29: 62-64 | GP29: 0.04 | GR29: Cryogonal | GS29: 62-64 | GU29: 0.04 | GW29: Sneasel | GX29: 62-64 | GZ29: 0.04 | HB29: Frosmoth | HC29: 62-64 | HE29: 0.04 | HG29: Golbat | HH29: 62-64 | HJ29: 0.04 | HL29: Sableye | HM29: 63-65 | HO29: 0.04 | HQ29: Banette | HR29: 63-65 | HT29: 0.04 | HV29: Krookodile | HW29: 63-65 | HY29: 0.04 | IA29: Banette | IB29: 63-65 | ID29: 0.04 | IF29: Electabuzz | IG29: 63-65 | II29: 0.04 | IK29: Duraludon | IL29: 68-70 | IN29: 0.04 | IP29: Duraludon | IQ29: 68-70 | IS29: 0.04 | IU29: Excadrill | IV29: 68-70 | IX29: 0.04 | IZ29: Froslass | JA29: 75-77 | JC29: 0.04 | JE29: Morpeko | JF29: 75-77 | JH29: 0.04 | JJ29: Salamence | JK29: 80-82 | JM29: 0.04 | JO29: Kommo-o | JP29: 80-82 | JR29: 0.04 | JT29: Dragapult | JU29: 80-82 | JY29: 0.04 | KA29: Eelektross | KB29: 83-85 | KD29: 0.04 | KF29: Volcarona | KG29: 83-85 | KI29: 0.04 | KK29: Arcanine-Hisui | KL29: 83-85 | KN29: 0.04 | KP29: Crawdaunt | KQ29: 83-85 | KS29: 0.04 | KU29: Iron Treads | KV29: 83-85 | KX29: 0.04 | KZ29: Grapploct | LA29: 83-85 | LC29: 0.04 | LE29: Gliscor | LF29: 83-85 | LH29: 0.04 | LJ29: Tsareena | LK29: 83-85 | LM29: 0.04 | LO29: Polteageist | LP29: 83-85 | LR29: 0.04 | LT29: Cursola | LU29: 83-85 | LW29: 0.04 | LY29: Smeargle | LZ29: 83-85
C30: 0.01 | E30: Pansear | F30: 44231 | H30: 0.01 | J30: Swinub | K30: 44625 | M30: 0.01 | O30: Panpour | P30: 44625 | R30: 0.01 | T30: Lotad | U30: 45022 | W30: 0.01 | Y30: Pansage | Z30: 44625 | AB30: 0.01 | AD30: Snom | AE30: 44657 | AG30: 0.01 | AI30: Nymble | AJ30: 44657 | AL30: 0.01 | AN30: Noibat | AO30: 44751 | AQ30: 0.01 | AS30: Axew | AT30: 44751 | AV30: 0.01 | AX30: Jigglypuff | AY30: 44846 | BA30: 0.01 | BC30: Elgyem | BD30: 44909 | BF30: 0.01 | BH30: Tinkatink | BI30: 44909 | BK30: 0.01 | BM30: Onix | BN30: 44909 | BP30: 0.01 | BR30: Yanma | BS30: 13-15 | BU30: 0.01 | BW30: Klawf | BX30: 14-16 | BZ30: 0.01 | CB30: Seviper | CC30: 16-18 | CE30: 0.01 | CG30: Drifloon | CH30: 18-20 | CJ30: 0.01 | CL30: Togepi | CM30: 16-18 | CO30: 0.01 | CQ30: Sigilyph | CR30: 23-25 | CT30: 0.01 | CV30: Hippopotas | CW30: 23-25 | CY30: 0.01 | DA30: Skorupi | DB30: 25-27 | DD30: 0.01 | DF30: Croagunk | DG30: 27-29 | DI30: 0.01 | DK30: Durant | DL30: 29-31 | DN30: 0.01 | DP30: Glimmet | DQ30: 30-32 | DS30: 0.01 | DU30: Porygon | DV30: 36-38 | DX30: 0.01 | DZ30: Drampa | EA30: 33-35 | EC30: 0.01 | EE30: Lampent | EF30: 45-47 | EH30: 0.01 | EJ30: Lampent | EK30: 45-47 | EM30: 0.01 | EO30: Lampent | EP30: 45-47 | ER30: 0.01 | ET30: Rotom | EU30: 45-47 | EW30: 0.01 | EY30: Escavalier | EZ30: 36-38 | FB30: 0.01 | FD30: Dracozolt | FE30: 46-48 | FG30: 0.01 | FI30: Arctovish | FJ30: 49-51 | FL30: 0.01 | FN30: Arctovish | FO30: 50-52 | FQ30: 0.01 | FS30: Centiskorch | FT30: 48-50 | FV30: 0.01 | FX30: Golisopod | FY30: 48-50 | GA30: 0.01 | GC30: Ditto | GD30: 49-51 | GF30: 0.01 | GH30: Staraptor | GI30: 33-35 | GK30: 0.01 | GM30: Jynx | GN30: 62-64 | GP30: 0.01 | GR30: Delibird | GS30: 62-64 | GU30: 0.01 | GW30: Delibird | GX30: 62-64 | GZ30: 0.01 | HB30: Jynx | HC30: 62-64 | HE30: 0.01 | HG30: Jynx | HH30: 62-64 | HJ30: 0.01 | HL30: Chimecho | HM30: 63-65 | HO30: 0.01 | HQ30: Chimecho | HR30: 63-65 | HT30: 0.01 | HV30: Chimecho | HW30: 63-65 | HY30: 0.01 | IA30: Chimecho | IB30: 63-65 | ID30: 0.01 | IF30: Electabuzz | IG30: 63-65 | II30: 0.01 | IK30: Type: Null | IL30: 68-70 | IN30: 0.01 | IP30: Type: Null | IQ30: 68-70 | IS30: 0.01 | IU30: Type: Null | IV30: 68-70 | IX30: 0.01 | IZ30: Unown | JA30: 75-77 | JC30: 0.01 | JE30: Unown | JF30: 75-77 | JH30: 0.01 | JJ30: Metagross | JK30: 80-82 | JM30: 0.01 | JO30: Baxcalibur | JP30: 80-82 | JR30: 0.01 | JT30: Roaring Moon | JU30: 80-82 | JY30: 0.01 | KA30: Eelektross | KB30: 83-85 | KD30: 0.01 | KF30: Volcarona | KG30: 83-85 | KI30: 0.01 | KK30: Arcanine-Hisui | KL30: 83-85 | KN30: 0.01 | KP30: Meltan | KQ30: 83-85 | KS30: 0.01 | KU30: Meltan | KV30: 83-85 | KX30: 0.01 | KZ30: Scyther | LA30: 83-85 | LC30: 0.01 | LE30: Hawlucha | LF30: 83-85 | LH30: 0.01 | LJ30: Durant | LK30: 83-85 | LM30: 0.01 | LO30: Mimikyu | LP30: 83-85 | LR30: 0.01 | LT30: Spiritomb | LU30: 83-85 | LW30: 0.01 | LY30: Corviknight | LZ30: 83-85
C31: 0.01 | E31: Pansear | F31: 44231 | H31: 0.01 | J31: Swinub | K31: 44625 | M31: 0.01 | O31: Panpour | P31: 44625 | R31: 0.01 | T31: Lotad | U31: 45022 | W31: 0.01 | Y31: Pansage | Z31: 44625 | AB31: 0.01 | AD31: Snom | AE31: 44657 | AG31: 0.01 | AI31: Nymble | AJ31: 44657 | AL31: 0.01 | AN31: Noibat | AO31: 44751 | AQ31: 0.01 | AS31: Bonsly | AT31: 44751 | AV31: 0.01 | AX31: Meowth-Alola | AY31: 44846 | BA31: 0.01 | BC31: Sawk | BD31: 44909 | BF31: 0.01 | BH31: Riolu | BI31: 44909 | BK31: 0.01 | BM31: Onix | BN31: 44909 | BP31: 0.01 | BR31: Rookidee | BS31: 13-15 | BU31: 0.01 | BW31: Klawf | BX31: 14-16 | BZ31: 0.01 | CB31: Seviper | CC31: 16-18 | CE31: 0.01 | CG31: Drifloon | CH31: 18-20 | CJ31: 0.01 | CL31: Togepi | CM31: 16-18 | CO31: 0.01 | CQ31: Sigilyph | CR31: 23-25 | CT31: 0.01 | CV31: Hippopotas | CW31: 23-25 | CY31: 0.01 | DA31: Skorupi | DB31: 25-27 | DD31: 0.01 | DF31: Croagunk | DG31: 27-29 | DI31: 0.01 | DK31: Durant | DL31: 29-31 | DN31: 0.01 | DP31: Glimmet | DQ31: 30-32 | DS31: 0.01 | DU31: Porygon | DV31: 36-38 | DX31: 0.01 | DZ31: Drampa | EA31: 33-35 | EC31: 0.01 | EE31: Lampent | EF31: 45-47 | EH31: 0.01 | EJ31: Lampent | EK31: 45-47 | EM31: 0.01 | EO31: Lampent | EP31: 45-47 | ER31: 0.01 | ET31: Rotom | EU31: 45-47 | EW31: 0.01 | EY31: Cufant | EZ31: 36-38 | FB31: 0.01 | FD31: Dracozolt | FE31: 46-48 | FG31: 0.01 | FI31: Dracovish | FJ31: 49-51 | FL31: 0.01 | FN31: Arctozolt | FO31: 50-52 | FQ31: 0.01 | FS31: Centiskorch | FT31: 48-50 | FV31: 0.01 | FX31: Golisopod | FY31: 48-50 | GA31: 0.01 | GC31: Ditto | GD31: 49-51 | GF31: 0.01 | GH31: Staraptor | GI31: 33-35 | GK31: 0.01 | GM31: Jynx | GN31: 62-64 | GP31: 0.01 | GR31: Delibird | GS31: 62-64 | GU31: 0.01 | GW31: Delibird | GX31: 62-64 | GZ31: 0.01 | HB31: Jynx | HC31: 62-64 | HE31: 0.01 | HG31: Jynx | HH31: 62-64 | HJ31: 0.01 | HL31: Chimecho | HM31: 63-65 | HO31: 0.01 | HQ31: Chimecho | HR31: 63-65 | HT31: 0.01 | HV31: Chimecho | HW31: 63-65 | HY31: 0.01 | IA31: Chimecho | IB31: 63-65 | ID31: 0.01 | IF31: Electabuzz | IG31: 63-65 | II31: 0.01 | IK31: Type: Null | IL31: 68-70 | IN31: 0.01 | IP31: Type: Null | IQ31: 68-70 | IS31: 0.01 | IU31: Type: Null | IV31: 68-70 | IX31: 0.01 | IZ31: Unown | JA31: 75-77 | JC31: 0.01 | JE31: Unown | JF31: 75-77 | JH31: 0.01 | JJ31: Salamence | JK31: 80-82 | JM31: 0.01 | JO31: Tyranitar | JP31: 80-82 | JR31: 0.01 | JT31: Dragonite | JU31: 80-82 | JY31: 0.01 | KA31: Eelektross | KB31: 83-85 | KD31: 0.01 | KF31: Volcarona | KG31: 83-85 | KI31: 0.01 | KK31: Arcanine-Hisui | KL31: 83-85 | KN31: 0.01 | KP31: Meltan | KQ31: 83-85 | KS31: 0.01 | KU31: Meltan | KV31: 83-85 | KX31: 0.01 | KZ31: Scyther | LA31: 83-85 | LC31: 0.01 | LE31: Hawlucha | LF31: 83-85 | LH31: 0.01 | LJ31: Durant | LK31: 83-85 | LM31: 0.01 | LO31: Mimikyu | LP31: 83-85 | LR31: 0.01 | LT31: Spiritomb | LU31: 83-85 | LW31: 0.01 | LY31: Corviknight | LZ31: 83-85

Sheet Fishing & Surfing
C3: =Source!$C17 | D3: OLD ROD | F3: =Source!$C17 | G3: PALLET TOWN | K3: =Source!$C17 | L3: VIRIDIAN CITY | P3: =Source!$C17 | Q3: ROUTE 22 | U3: =Source!$C17 | V3: ROUTE 21A | Z3: =Source!$C17 | AA3: CERULEAN CITY | AE3: =Source!$C17 | AF3: ROUTE 24 | AJ3: =Source!$C17 | AK3: ROUTE 25 | AO3: =Source!$C17 | AP3: ROUTE 6 | AT3: =Source!$C17 | AU3: VERMILLION CITY | AY3: =Source!$C17 | AZ3: ROUTE 11 | BD3: =Source!$C17 | BE3: S.S. ANNE | BI3: =Source!$C17 | BJ3: ROUTE 10 | BN3: =Source!$C17 | BO3: ROUTE 12 | BS3: =Source!$C17 | BT3: CELADON CITY | BX3: =Source!$C17 | BY3: ROUTE 13 | CC3: =Source!$C17 | CD3: FUCHSIA CITY | CH3: =Source!$C17 | CI3: ROUTE 19 | CM3: =Source!$C17 | CN3: ROUTE 20 | CR3: =Source!$C17 | CS3: ROUTE 21B | CW3: =Source!$C17 | CX3: SEAFOAM B2F | DB3: =Source!$C17 | DC3: SEAFOAM B3F-B4F | DG3: =Source!$C17 | DH3: CINNABAR ISLAND | DL3: =Source!$C17 | DM3: CERULEAN CAVE 1F | DQ3: =Source!$C17 | DR3: CERULEAN CAVE B1F | DV3: =Source!$C17 | DW3: ROUTE 23 | EA3: P O S T - G A M E | EC3: =Source!$C17 | ED3: KINDLE ROAD | EH3: =Source!$C17 | EI3: TREASURE BEACH | EM3: =Source!$C17 | EN3: BOND BRIDGE | ER3: =Source!$C17 | ES3: BERRY FOREST | EW3: =Source!$C17 | EX3: CAPE BRINK
C4: - Obtained in Viridian City. | F4: Rarity | G4: Pokémon | I4: Level | K4: Rarity | L4: Pokémon | N4: Level | P4: Rarity | Q4: Pokémon | S4: Level | U4: Rarity | V4: Pokémon | X4: Level | Z4: Rarity | AA4: Pokémon | AC4: Level | AE4: Rarity | AF4: Pokémon | AH4: Level | AJ4: Rarity | AK4: Pokémon | AM4: Level | AO4: Rarity | AP4: Pokémon | AR4: Level | AT4: Rarity | AU4: Pokémon | AW4: Level | AY4: Rarity | AZ4: Pokémon | BB4: Level | BD4: Rarity | BE4: Pokémon | BG4: Level | BI4: Rarity | BJ4: Pokémon | BL4: Level | BN4: Rarity | BO4: Pokémon | BQ4: Level | BS4: Rarity | BT4: Pokémon | BV4: Level | BX4: Rarity | BY4: Pokémon | CA4: Level | CC4: Rarity | CD4: Pokémon | CF4: Level | CH4: Rarity | CI4: Pokémon | CK4: Level | CM4: Rarity | CN4: Pokémon | CP4: Level | CR4: Rarity | CS4: Pokémon | CU4: Level | CW4: Rarity | CX4: Pokémon | CZ4: Level | DB4: Rarity | DC4: Pokémon | DE4: Level | DG4: Rarity | DH4: Pokémon | DJ4: Level | DL4: Rarity | DM4: Pokémon | DO4: Level | DQ4: Rarity | DR4: Pokémon | DT4: Level | DV4: Rarity | DW4: Pokémon | DY4: Level | EC4: Rarity | ED4: Pokémon | EF4: Level | EH4: Rarity | EI4: Pokémon | EK4: Level | EM4: Rarity | EN4: Pokémon | EP4: Level | ER4: Rarity | ES4: Pokémon | EU4: Level | EW4: Rarity | EX4: Pokémon | EZ4: Level
F5: 0.7 | G5: {=IFERROR(VLOOKUP(H5:H6,Dex!$B$3:$N30,2,FALSE),"")} | H5: Tentacool | I5: 44231 | K5: 0.7 | L5: {=IFERROR(VLOOKUP(M5:M6,Dex!$B$3:$N30,2,FALSE),"")} | M5: Marill | N5: 44624 | P5: 0.7 | Q5: {=IFERROR(VLOOKUP(R5:R6,Dex!$B$3:$N30,2,FALSE),"")} | R5: Psyduck | S5: 44596 | U5: 0.7 | V5: {=IFERROR(VLOOKUP(W5:W6,Dex!$B$3:$N30,2,FALSE),"")} | W5: Magikarp | X5: 44596 | Z5: 0.7 | AA5: {=IFERROR(VLOOKUP(AB5:AB6,Dex!$B$3:$N30,2,FALSE),"")} | AB5: Chewtle | AC5: 44596 | AE5: 0.7 | AF5: {=IFERROR(VLOOKUP(AG5:AG6,Dex!$B$3:$N30,2,FALSE),"")} | AG5: Carvanha | AH5: 44596 | AJ5: 0.7 | AK5: {=IFERROR(VLOOKUP(AL5:AL6,Dex!$B$3:$N30,2,FALSE),"")} | AL5: Magikarp | AM5: 44596 | AO5: 0.7 | AP5: {=IFERROR(VLOOKUP(AQ5:AQ6,Dex!$B$3:$N30,2,FALSE),"")} | AQ5: Chinchou | AR5: 44596 | AT5: 0.7 | AU5: {=IFERROR(VLOOKUP(AV5:AV6,Dex!$B$3:$N30,2,FALSE),"")} | AV5: Arrokuda | AW5: 44596 | AY5: 0.7 | AZ5: {=IFERROR(VLOOKUP(BA5:BA6,Dex!$B$3:$N30,2,FALSE),"")} | BA5: Krabby | BB5: 44596 | BD5: 0.7 | BE5: {=IFERROR(VLOOKUP(BF5:BF6,Dex!$B$3:$N30,2,FALSE),"")} | BF5: Wimpod | BG5: 44596 | BI5: 0.7 | BJ5: {=IFERROR(VLOOKUP(BK5:BK6,Dex!$B$3:$N30,2,FALSE),"")} | BK5: Wooper | BL5: 44596 | BN5: 0.7 | BO5: {=IFERROR(VLOOKUP(BP5:BP6,Dex!$B$3:$N30,2,FALSE),"")} | BP5: Spheal | BQ5: 44596 | BS5: 0.7 | BT5: {=IFERROR(VLOOKUP(BU5:BU6,Dex!$B$3:$N30,2,FALSE),"")} | BU5: Magikarp | BV5: 44596 | BX5: 0.7 | BY5: {=IFERROR(VLOOKUP(BZ5:BZ6,Dex!$B$3:$N30,2,FALSE),"")} | BZ5: Skrelp | CA5: 44596 | CC5: 0.7 | CD5: {=IFERROR(VLOOKUP(CE5:CE6,Dex!$B$3:$N30,2,FALSE),"")} | CE5: Magikarp | CF5: 44596 | CH5: 0.7 | CI5: {=IFERROR(VLOOKUP(CJ5:CJ6,Dex!$B$3:$N30,2,FALSE),"")} | CJ5: Clamperl | CK5: 44596 | CM5: 0.7 | CN5: {=IFERROR(VLOOKUP(CO5:CO6,Dex!$B$3:$N30,2,FALSE),"")} | CO5: Magikarp | CP5: 44596 | CR5: 0.7 | CS5: {=IFERROR(VLOOKUP(CT5:CT6,Dex!$B$3:$N30,2,FALSE),"")} | CT5: Magikarp | CU5: 44596 | CW5: 0.7 | CX5: {=IFERROR(VLOOKUP(CY5:CY6,Dex!$B$3:$N30,2,FALSE),"")} | CY5: Magikarp | CZ5: 44596 | DB5: 0.7 | DC5: {=IFERROR(VLOOKUP(DD5:DD6,Dex!$B$3:$N30,2,FALSE),"")} | DD5: Magikarp | DE5: 44596 | DG5: 0.7 | DH5: {=IFERROR(VLOOKUP(DI5:DI6,Dex!$B$3:$N30,2,FALSE),"")} | DI5: Magikarp | DJ5: 44596 | DL5: 0.7 | DM5: {=IFERROR(VLOOKUP(DN5:DN6,Dex!$B$3:$N30,2,FALSE),"")} | DN5: Magikarp | DO5: 44596 | DQ5: 0.7 | DR5: {=IFERROR(VLOOKUP(DS5:DS6,Dex!$B$3:$N30,2,FALSE),"")} | DS5: Feebas | DT5: 44596 | DV5: 0.7 | DW5: {=IFERROR(VLOOKUP(DX5:DX6,Dex!$B$3:$N30,2,FALSE),"")} | DX5: Magikarp | DY5: 44596 | EC5: 0.7 | ED5: {=IFERROR(VLOOKUP(EE5:EE6,Dex!$B$3:$N30,2,FALSE),"")} | EE5: Feebas | EF5: 83-85 | EH5: 0.7 | EI5: {=IFERROR(VLOOKUP(EJ5:EJ6,Dex!$B$3:$N30,2,FALSE),"")} | EJ5: Feebas | EK5: 60-65 | EM5: 0.7 | EN5: {=IFERROR(VLOOKUP(EO5:EO6,Dex!$B$3:$N30,2,FALSE),"")} | EO5: Feebas | EP5: 83-85 | ER5: 0.7 | ES5: {=IFERROR(VLOOKUP(ET5:ET6,Dex!$B$3:$N30,2,FALSE),"")} | ET5: Staryu | EU5: 83-85 | EW5: 0.7 | EX5: {=IFERROR(VLOOKUP(EY5:EY6,Dex!$B$3:$N30,2,FALSE),"")} | EY5: Feebas | EZ5: 83-85
F6: 0.3 | H6: Binacle | I6: 44231 | K6: 0.3 | M6: Clamperl | N6: 44624 | P6: 0.3 | R6: Corphish | S6: 44596 | U6: 0.3 | W6: Shellder | X6: 44596 | Z6: 0.3 | AB6: Clauncher | AC6: 44596 | AE6: 0.3 | AG6: Lotad | AH6: 44596 | AJ6: 0.3 | AL6: Chinchou | AM6: 44596 | AO6: 0.3 | AQ6: Shellder | AR6: 44596 | AT6: 0.3 | AV6: Finneon | AW6: 44596 | AY6: 0.3 | BA6: Horsea | BB6: 44596 | BD6: 0.3 | BF6: Finneon | BG6: 44596 | BI6: 0.3 | BK6: Tynamo | BL6: 44596 | BN6: 0.3 | BP6: Seel | BQ6: 44596 | BS6: 0.3 | BU6: Arrokuda | BV6: 44596 | BX6: 0.3 | BZ6: Tatsugiri | CA6: 44596 | CC6: 0.3 | CE6: Magikarp | CF6: 44596 | CH6: 0.3 | CJ6: Horsea | CK6: 44596 | CM6: 0.3 | CO6: Chinchou | CP6: 44596 | CR6: 0.3 | CT6: Shellder | CU6: 44596 | CW6: 0.3 | CY6: Goldeen | CZ6: 44596 | DB6: 0.3 | DD6: Remoraid | DE6: 44596 | DG6: 0.3 | DI6: Corsola | DJ6: 44596 | DL6: 0.3 | DN6: Staryu | DO6: 44596 | DQ6: 0.3 | DS6: Mareanie | DT6: 44596 | DV6: 0.3 | DX6: Magikarp | DY6: 44596 | EC6: 0.3 | EE6: Remoraid | EF6: 83-85 | EH6: 0.3 | EJ6: Remoraid | EK6: 60-65 | EM6: 0.3 | EO6: Remoraid | EP6: 83-85 | ER6: 0.3 | ET6: Clauncher-Sevii | EU6: 83-85 | EW6: 0.3 | EY6: Remoraid | EZ6: 83-85
C8: =Source!$C21 | D8: GOOD ROD | F8: =Source!$C21 | G8: PALLET TOWN | K8: =Source!$C21 | L8: VIRIDIAN CITY | P8: =Source!$C21 | Q8: ROUTE 22 | U8: =Source!$C21 | V8: ROUTE 21A | Z8: =Source!$C21 | AA8: CERULEAN CITY | AE8: =Source!$C21 | AF8: ROUTE 24 | AJ8: =Source!$C21 | AK8: ROUTE 25 | AO8: =Source!$C21 | AP8: ROUTE 6 | AT8: =Source!$C21 | AU8: VERMILLION CITY | AY8: =Source!$C21 | AZ8: ROUTE 11 | BD8: =Source!$C21 | BE8: S.S. ANNE | BI8: =Source!$C21 | BJ8: ROUTE 10 | BN8: =Source!$C21 | BO8: ROUTE 12 | BS8: =Source!$C21 | BT8: CELADON CITY | BX8: =Source!$C21 | BY8: ROUTE 13 | CC8: =Source!$C21 | CD8: FUCHSIA CITY | CH8: =Source!$C21 | CI8: ROUTE 19 | CM8: =Source!$C21 | CN8: ROUTE 20 | CR8: =Source!$C21 | CS8: ROUTE 21B | CW8: =Source!$C21 | CX8: SEAFOAM B2F | DB8: =Source!$C21 | DC8: SEAFOAM B3F-B4F | DG8: =Source!$C21 | DH8: CINNABAR ISLAND | DL8: =Source!$C21 | DM8: CERULEAN CAVE 1F | DQ8: =Source!$C21 | DR8: CERULEAN CAVE B1F | DV8: =Source!$C21 | DW8: ROUTE 23 | EC8: =Source!$C21 | ED8: KINDLE ROAD | EH8: =Source!$C21 | EI8: TREASURE BEACH | EM8: =Source!$C21 | EN8: BOND BRIDGE | ER8: =Source!$C21 | ES8: BERRY FOREST | EW8: =Source!$C21 | EX8: CAPE BRINK
C9: - Obtained in Vermilion City. | F9: Rarity | G9: Pokémon | I9: Level | K9: Rarity | L9: Pokémon | N9: Level | P9: Rarity | Q9: Pokémon | S9: Level | U9: Rarity | V9: Pokémon | X9: Level | Z9: Rarity | AA9: Pokémon | AC9: Level | AE9: Rarity | AF9: Pokémon | AH9: Level | AJ9: Rarity | AK9: Pokémon | AM9: Level | AO9: Rarity | AP9: Pokémon | AR9: Level | AT9: Rarity | AU9: Pokémon | AW9: Level | AY9: Rarity | AZ9: Pokémon | BB9: Level | BD9: Rarity | BE9: Pokémon | BG9: Level | BI9: Rarity | BJ9: Pokémon | BL9: Level | BN9: Rarity | BO9: Pokémon | BQ9: Level | BS9: Rarity | BT9: Pokémon | BV9: Level | BX9: Rarity | BY9: Pokémon | CA9: Level | CC9: Rarity | CD9: Pokémon | CF9: Level | CH9: Rarity | CI9: Pokémon | CK9: Level | CM9: Rarity | CN9: Pokémon | CP9: Level | CR9: Rarity | CS9: Pokémon | CU9: Level | CW9: Rarity | CX9: Pokémon | CZ9: Level | DB9: Rarity | DC9: Pokémon | DE9: Level | DG9: Rarity | DH9: Pokémon | DJ9: Level | DL9: Rarity | DM9: Pokémon | DO9: Level | DQ9: Rarity | DR9: Pokémon | DT9: Level | DV9: Rarity | DW9: Pokémon | DY9: Level | EC9: Rarity | ED9: Pokémon | EF9: Level | EH9: Rarity | EI9: Pokémon | EK9: Level | EM9: Rarity | EN9: Pokémon | EP9: Level | ER9: Rarity | ES9: Pokémon | EU9: Level | EW9: Rarity | EX9: Pokémon | EZ9: Level
F10: 0.6 | G10: {=IFERROR(VLOOKUP(H10:H12,Dex!$B$3:$N30,2,FALSE),"")} | H10: Barboach | I10: 27-29 | K10: 0.6 | L10: {=IFERROR(VLOOKUP(M10:M12,Dex!$B$3:$N30,2,FALSE),"")} | M10: Clauncher | N10: 27-29 | P10: 0.6 | Q10: {=IFERROR(VLOOKUP(R10:R12,Dex!$B$3:$N30,2,FALSE),"")} | R10: Clobbopus | S10: 27-29 | U10: 0.6 | V10: {=IFERROR(VLOOKUP(W10:W12,Dex!$B$3:$N30,2,FALSE),"")} | W10: Krabby | X10: 27-29 | Z10: 0.6 | AA10: {=IFERROR(VLOOKUP(AB10:AB12,Dex!$B$3:$N30,2,FALSE),"")} | AB10: Wishiwashi | AC10: 27-29 | AE10: 0.6 | AF10: {=IFERROR(VLOOKUP(AG10:AG12,Dex!$B$3:$N30,2,FALSE),"")} | AG10: Wailmer | AH10: 27-29 | AJ10: 0.6 | AK10: {=IFERROR(VLOOKUP(AL10:AL12,Dex!$B$3:$N30,2,FALSE),"")} | AL10: Dewpider | AM10: 27-29 | AO10: 0.6 | AP10: {=IFERROR(VLOOKUP(AQ10:AQ12,Dex!$B$3:$N30,2,FALSE),"")} | AQ10: Slowpoke-Galar | AR10: 27-29 | AT10: 0.6 | AU10: {=IFERROR(VLOOKUP(AV10:AV12,Dex!$B$3:$N30,2,FALSE),"")} | AV10: Frillish | AW10: 27-29 | AY10: 0.6 | AZ10: {=IFERROR(VLOOKUP(BA10:BA12,Dex!$B$3:$N30,2,FALSE),"")} | BA10: Bruxish | BB10: 27-29 | BD10: 0.6 | BE10: {=IFERROR(VLOOKUP(BF10:BF12,Dex!$B$3:$N30,2,FALSE),"")} | BF10: Veluza | BG10: 27-29 | BI10: 0.6 | BJ10: {=IFERROR(VLOOKUP(BK10:BK12,Dex!$B$3:$N30,2,FALSE),"")} | BK10: Barboach | BL10: 27-29 | BN10: 0.6 | BO10: {=IFERROR(VLOOKUP(BP10:BP12,Dex!$B$3:$N30,2,FALSE),"")} | BP10: Shellder | BQ10: 27-29 | BS10: 0.6 | BT10: {=IFERROR(VLOOKUP(BU10:BU12,Dex!$B$3:$N30,2,FALSE),"")} | BU10: Poliwag | BV10: 27-29 | BX10: 0.6 | BY10: {=IFERROR(VLOOKUP(BZ10:BZ12,Dex!$B$3:$N30,2,FALSE),"")} | BZ10: Qwilfish-Hisui | CA10: 27-29 | CC10: 0.6 | CD10: {=IFERROR(VLOOKUP(CE10:CE12,Dex!$B$3:$N30,2,FALSE),"")} | CE10: Goldeen | CF10: 27-29 | CH10: 0.6 | CI10: {=IFERROR(VLOOKUP(CJ10:CJ12,Dex!$B$3:$N30,2,FALSE),"")} | CJ10: Shellder | CK10: 27-29 | CM10: 0.6 | CN10: {=IFERROR(VLOOKUP(CO10:CO12,Dex!$B$3:$N30,2,FALSE),"")} | CO10: Wailmer | CP10: 27-29 | CR10: 0.6 | CS10: {=IFERROR(VLOOKUP(CT10:CT12,Dex!$B$3:$N30,2,FALSE),"")} | CT10: Krabby | CU10: 27-29 | CW10: 0.6 | CX10: {=IFERROR(VLOOKUP(CY10:CY12,Dex!$B$3:$N30,2,FALSE),"")} | CY10: Spheal | CZ10: 27-29 | DB10: 0.6 | DC10: {=IFERROR(VLOOKUP(DD10:DD12,Dex!$B$3:$N30,2,FALSE),"")} | DD10: Spheal | DE10: 27-29 | DG10: 0.6 | DH10: {=IFERROR(VLOOKUP(DI10:DI12,Dex!$B$3:$N30,2,FALSE),"")} | DI10: Krabby | DJ10: 27-29 | DL10: 0.6 | DM10: {=IFERROR(VLOOKUP(DN10:DN12,Dex!$B$3:$N30,2,FALSE),"")} | DN10: Carvanha | DO10: 27-29 | DQ10: 0.6 | DR10: {=IFERROR(VLOOKUP(DS10:DS12,Dex!$B$3:$N30,2,FALSE),"")} | DS10: Corphish | DT10: 27-29 | DV10: 0.6 | DW10: {=IFERROR(VLOOKUP(DX10:DX12,Dex!$B$3:$N30,2,FALSE),"")} | DX10: Poliwag | DY10: 27-29 | EC10: 0.6 | ED10: {=IFERROR(VLOOKUP(EE10:EE12,Dex!$B$3:$N30,2,FALSE),"")} | EE10: Corsola-Galar | EF10: 83-85 | EH10: 0.6 | EI10: {=IFERROR(VLOOKUP(EJ10:EJ12,Dex!$B$3:$N30,2,FALSE),"")} | EJ10: Corsola-Galar | EK10: 83-85 | EM10: 0.6 | EN10: {=IFERROR(VLOOKUP(EO10:EO12,Dex!$B$3:$N30,2,FALSE),"")} | EO10: Clawitzer | EP10: 83-85 | ER10: 0.6 | ES10: {=IFERROR(VLOOKUP(ET10:ET12,Dex!$B$3:$N30,2,FALSE),"")} | ET10: Corsola-Galar | EU10: 83-85 | EW10: 0.6 | EX10: {=IFERROR(VLOOKUP(EY10:EY12,Dex!$B$3:$N30,2,FALSE),"")} | EY10: Corsola-Galar | EZ10: 83-85
F11: 0.2 | H11: Carvanha | I11: 27-29 | K11: 0.2 | M11: Remoraid | N11: 27-29 | P11: 0.2 | R11: Mantyke | S11: 27-29 | U11: 0.2 | W11: Qwilfish | X11: 27-29 | Z11: 0.2 | AB11: Tatsugiri | AC11: 27-29 | AE11: 0.2 | AG11: Wishiwashi | AH11: 27-29 | AJ11: 0.2 | AL11: Mantyke | AM11: 27-29 | AO11: 0.2 | AQ11: Skrelp | AR11: 27-29 | AT11: 0.2 | AV11: Staryu | AW11: 27-29 | AY11: 0.2 | BA11: Frillish | BB11: 27-29 | BD11: 0.2 | BF11: Staryu | BG11: 27-29 | BI11: 0.2 | BK11: Shellos-East | BL11: 27-29 | BN11: 0.2 | BP11: Sealeo | BQ11: 27-29 | BS11: 0.2 | BU11: Slowpoke-Galar | BV11: 27-29 | BX11: 0.2 | BZ11: Dewpider | CA11: 27-29 | CC11: 0.2 | CE11: Goldeen | CF11: 27-29 | CH11: 0.2 | CJ11: Slowpoke | CK11: 27-29 | CM11: 0.2 | CO11: Clauncher | CP11: 27-29 | CR11: 0.2 | CT11: Qwilfish | CU11: 27-29 | CW11: 0.2 | CY11: Mareanie | CZ11: 27-29 | DB11: 0.2 | DD11: Shellder | DE11: 27-29 | DG11: 0.2 | DI11: Qwilfish | DJ11: 27-29 | DL11: 0.2 | DN11: Pyukumuku | DO11: 27-29 | DQ11: 0.2 | DS11: Krabby | DT11: 27-29 | DV11: 0.2 | DX11: Goldeen | DY11: 27-29 | EC11: 0.2 | EE11: Qwilfish | EF11: 83-85 | EH11: 0.2 | EJ11: Mantyke-Sevii | EK11: 60-65 | EM11: 0.2 | EO11: Sharpedo | EP11: 83-85 | ER11: 0.2 | ET11: Feebas-Sevii | EU11: 83-85 | EW11: 0.2 | EY11: Barraskewda | EZ11: 83-85
F12: 0.2 | H12: Qwilfish | I12: 27-29 | K12: 0.2 | M12: Corsola | N12: 27-29 | P12: 0.2 | R12: Mareanie | S12: 27-29 | U12: 0.2 | W12: Corsola-Galar | X12: 27-29 | Z12: 0.2 | AB12: Remoraid | AC12: 27-29 | AE12: 0.2 | AG12: Clobbopus | AH12: 27-29 | AJ12: 0.2 | AL12: Goldeen | AM12: 27-29 | AO12: 0.2 | AQ12: Basculin | AR12: 27-29 | AT12: 0.2 | AV12: Wimpod | AW12: 27-29 | AY12: 0.2 | BA12: Relicanth | BB12: 27-29 | BD12: 0.2 | BF12: Krabby | BG12: 27-29 | BI12: 0.2 | BK12: Corsola-Galar | BL12: 27-29 | BN12: 0.2 | BP12: Veluza | BQ12: 27-29 | BS12: 0.2 | BU12: Slowpoke | BV12: 27-29 | BX12: 0.2 | BZ12: Skrelp | CA12: 27-29 | CC12: 0.2 | CE12: Poliwag | CF12: 27-29 | CH12: 0.2 | CJ12: Slowpoke | CK12: 27-29 | CM12: 0.2 | CO12: Corsola-Galar | CP12: 27-29 | CR12: 0.2 | CT12: Corsola | CU12: 27-29 | CW12: 0.2 | CY12: Krabby | CZ12: 27-29 | DB12: 0.2 | DD12: Carvanha | DE12: 27-29 | DG12: 0.2 | DI12: Feebas | DJ12: 27-29 | DL12: 0.2 | DN12: Krabby | DO12: 27-29 | DQ12: 0.2 | DS12: Mareanie | DT12: 27-29 | DV12: 0.2 | DX12: Magikarp | DY12: 27-29 | EC12: 0.2 | EE12: Qwilfish | EF12: 83-85 | EH12: 0.2 | EJ12: Mantyke-Sevii | EK12: 60-65 | EM12: 0.2 | EO12: Sharpedo | EP12: 83-85 | ER12: 0.2 | ET12: Feebas-Sevii | EU12: 83-85 | EW12: 0.2 | EY12: Barraskewda | EZ12: 83-85
C14: =Source!$C25 | D14: SUPER ROD | F14: =Source!$C25 | G14: PALLET TOWN | K14: =Source!$C25 | L14: VIRIDIAN CITY | P14: =Source!$C25 | Q14: ROUTE 22 | U14: =Source!$C25 | V14: ROUTE 21A | Z14: =Source!$C25 | AA14: CERULEAN CITY | AE14: =Source!$C25 | AF14: ROUTE 24 | AJ14: =Source!$C25 | AK14: ROUTE 25 | AO14: =Source!$C25 | AP14: ROUTE 6 | AT14: =Source!$C25 | AU14: VERMILLION CITY | AY14: =Source!$C25 | AZ14: ROUTE 11 | BD14: =Source!$C25 | BE14: S.S. ANNE | BI14: =Source!$C25 | BJ14: ROUTE 10 | BN14: =Source!$C25 | BO14: ROUTE 12 | BS14: =Source!$C25 | BT14: CELADON CITY | BX14: =Source!$C25 | BY14: ROUTE 13 | CC14: =Source!$C25 | CD14: FUCHSIA CITY | CH14: =Source!$C25 | CI14: ROUTE 19 | CM14: =Source!$C25 | CN14: ROUTE 20 | CR14: =Source!$C25 | CS14: ROUTE 21B | CW14: =Source!$C25 | CX14: SEAFOAM B2F | DB14: =Source!$C25 | DC14: SEAFOAM B3F-B4F | DG14: =Source!$C25 | DH14: CINNABAR ISLAND | DL14: =Source!$C25 | DM14: CERULEAN CAVE 1F | DQ14: =Source!$C25 | DR14: CERULEAN CAVE B1F | DV14: =Source!$C25 | DW14: ROUTE 23 | EC14: =Source!$C25 | ED14: KINDLE ROAD | EH14: =Source!$C25 | EI14: TREASURE BEACH | EM14: =Source!$C25 | EN14: BOND BRIDGE | ER14: =Source!$C25 | ES14: BERRY FOREST | EW14: =Source!$C25 | EX14: CAPE BRINK
C15: - Obtained in Fuchsia City. | F15: Rarity | G15: Pokémon | I15: Level | K15: Rarity | L15: Pokémon | N15: Level | P15: Rarity | Q15: Pokémon | S15: Level | U15: Rarity | V15: Pokémon | X15: Level | Z15: Rarity | AA15: Pokémon | AC15: Level | AE15: Rarity | AF15: Pokémon | AH15: Level | AJ15: Rarity | AK15: Pokémon | AM15: Level | AO15: Rarity | AP15: Pokémon | AR15: Level | AT15: Rarity | AU15: Pokémon | AW15: Level | AY15: Rarity | AZ15: Pokémon | BB15: Level | BD15: Rarity | BE15: Pokémon | BG15: Level | BI15: Rarity | BJ15: Pokémon | BL15: Level | BN15: Rarity | BO15: Pokémon | BQ15: Level | BS15: Rarity | BT15: Pokémon | BV15: Level | BX15: Rarity | BY15: Pokémon | CA15: Level | CC15: Rarity | CD15: Pokémon | CF15: Level | CH15: Rarity | CI15: Pokémon | CK15: Level | CM15: Rarity | CN15: Pokémon | CP15: Level | CR15: Rarity | CS15: Pokémon | CU15: Level | CW15: Rarity | CX15: Pokémon | CZ15: Level | DB15: Rarity | DC15: Pokémon | DE15: Level | DG15: Rarity | DH15: Pokémon | DJ15: Level | DL15: Rarity | DM15: Pokémon | DO15: Level | DQ15: Rarity | DR15: Pokémon | DT15: Level | DV15: Rarity | DW15: Pokémon | DY15: Level | EC15: Rarity | ED15: Pokémon | EF15: Level | EH15: Rarity | EI15: Pokémon | EK15: Level | EM15: Rarity | EN15: Pokémon | EP15: Level | ER15: Rarity | ES15: Pokémon | EU15: Level | EW15: Rarity | EX15: Pokémon | EZ15: Level
F16: 0.4 | G16: {=IFERROR(VLOOKUP(H16:H20,Dex!$B$3:$N30,2,FALSE),"")} | H16: Luvdisc | I16: 53-55 | K16: 0.4 | L16: {=IFERROR(VLOOKUP(M16:M20,Dex!$B$3:$N30,2,FALSE),"")} | M16: Luvdisc | N16: 53-55 | P16: 0.4 | Q16: {=IFERROR(VLOOKUP(R16:R20,Dex!$B$3:$N30,2,FALSE),"")} | R16: Luvdisc | S16: 53-55 | U16: 0.4 | V16: {=IFERROR(VLOOKUP(W16:W20,Dex!$B$3:$N30,2,FALSE),"")} | W16: Octillery | X16: 53-55 | Z16: 0.4 | AA16: {=IFERROR(VLOOKUP(AB16:AB20,Dex!$B$3:$N30,2,FALSE),"")} | AB16: Luvdisc | AC16: 53-55 | AE16: 0.4 | AF16: {=IFERROR(VLOOKUP(AG16:AG20,Dex!$B$3:$N30,2,FALSE),"")} | AG16: Luvdisc | AH16: 53-55 | AJ16: 0.4 | AK16: {=IFERROR(VLOOKUP(AL16:AL20,Dex!$B$3:$N30,2,FALSE),"")} | AL16: Poliwag | AM16: 53-55 | AO16: 0.4 | AP16: {=IFERROR(VLOOKUP(AQ16:AQ20,Dex!$B$3:$N30,2,FALSE),"")} | AQ16: Slowbro-Galar | AR16: 53-55 | AT16: 0.4 | AU16: {=IFERROR(VLOOKUP(AV16:AV20,Dex!$B$3:$N30,2,FALSE),"")} | AV16: Luvdisc | AW16: 53-55 | AY16: 0.4 | AZ16: {=IFERROR(VLOOKUP(BA16:BA20,Dex!$B$3:$N30,2,FALSE),"")} | BA16: Luvdisc | BB16: 53-55 | BD16: 0.4 | BE16: {=IFERROR(VLOOKUP(BF16:BF20,Dex!$B$3:$N30,2,FALSE),"")} | BF16: Luvdisc | BG16: 53-55 | BI16: 0.4 | BJ16: {=IFERROR(VLOOKUP(BK16:BK20,Dex!$B$3:$N30,2,FALSE),"")} | BK16: Whiscash | BL16: 53-55 | BN16: 0.4 | BO16: {=IFERROR(VLOOKUP(BP16:BP20,Dex!$B$3:$N30,2,FALSE),"")} | BP16: Dondozo | BQ16: 53-55 | BS16: 0.4 | BT16: {=IFERROR(VLOOKUP(BU16:BU20,Dex!$B$3:$N30,2,FALSE),"")} | BU16: Psyduck | BV16: 53-55 | BX16: 0.4 | BY16: {=IFERROR(VLOOKUP(BZ16:BZ20,Dex!$B$3:$N30,2,FALSE),"")} | BZ16: Dragalge | CA16: 53-55 | CC16: 0.4 | CD16: {=IFERROR(VLOOKUP(CE16:CE20,Dex!$B$3:$N30,2,FALSE),"")} | CE16: Goldeen | CF16: 53-55 | CH16: 0.4 | CI16: {=IFERROR(VLOOKUP(CJ16:CJ20,Dex!$B$3:$N30,2,FALSE),"")} | CJ16: Seadra | CK16: 53-55 | CM16: 0.4 | CN16: {=IFERROR(VLOOKUP(CO16:CO20,Dex!$B$3:$N30,2,FALSE),"")} | CO16: Seadra | CP16: 53-55 | CR16: 0.4 | CS16: {=IFERROR(VLOOKUP(CT16:CT20,Dex!$B$3:$N30,2,FALSE),"")} | CT16: Octillery | CU16: 53-55 | CW16: 0.4 | CX16: {=IFERROR(VLOOKUP(CY16:CY20,Dex!$B$3:$N30,2,FALSE),"")} | CY16: Seadra | CZ16: 53-55 | DB16: 0.4 | DC16: {=IFERROR(VLOOKUP(DD16:DD20,Dex!$B$3:$N30,2,FALSE),"")} | DD16: Seadra | DE16: 53-55 | DG16: 0.4 | DH16: {=IFERROR(VLOOKUP(DI16:DI20,Dex!$B$3:$N30,2,FALSE),"")} | DI16: Octillery | DJ16: 53-55 | DL16: 0.4 | DM16: {=IFERROR(VLOOKUP(DN16:DN20,Dex!$B$3:$N30,2,FALSE),"")} | DN16: Seismitoad | DO16: 53-55 | DQ16: 0.4 | DR16: {=IFERROR(VLOOKUP(DS16:DS20,Dex!$B$3:$N30,2,FALSE),"")} | DS16: Poliwrath | DT16: 53-55 | DV16: 0.4 | DW16: {=IFERROR(VLOOKUP(DX16:DX20,Dex!$B$3:$N30,2,FALSE),"")} | DX16: Poliwag | DY16: 53-55 | EC16: 0.4 | ED16: {=IFERROR(VLOOKUP(EE16:EE20,Dex!$B$3:$N30,2,FALSE),"")} | EE16: Luvdisc | EF16: 83-85 | EH16: 0.4 | EI16: {=IFERROR(VLOOKUP(EJ16:EJ20,Dex!$B$3:$N30,2,FALSE),"")} | EJ16: Basculin | EK16: 83-85 | EM16: 0.4 | EN16: {=IFERROR(VLOOKUP(EO16:EO20,Dex!$B$3:$N30,2,FALSE),"")} | EO16: Alomomola | EP16: 83-85 | ER16: 0.4 | ES16: {=IFERROR(VLOOKUP(ET16:ET20,Dex!$B$3:$N30,2,FALSE),"")} | ET16: Sharpedo | EU16: 83-85 | EW16: 0.4 | EX16: {=IFERROR(VLOOKUP(EY16:EY20,Dex!$B$3:$N30,2,FALSE),"")} | EY16: Luvdisc | EZ16: 83-85
F17: 0.4 | H17: Luvdisc | I17: 53-55 | K17: 0.4 | M17: Luvdisc | N17: 53-55 | P17: 0.4 | R17: Luvdisc | S17: 53-55 | U17: 0.4 | W17: Lumineon | X17: 53-55 | Z17: 0.4 | AB17: Luvdisc | AC17: 53-55 | AE17: 0.4 | AG17: Luvdisc | AH17: 53-55 | AJ17: 0.4 | AL17: Poliwhirl | AM17: 53-55 | AO17: 0.4 | AQ17: Lanturn | AR17: 53-55 | AT17: 0.4 | AV17: Luvdisc | AW17: 53-55 | AY17: 0.4 | BA17: Luvdisc | BB17: 53-55 | BD17: 0.4 | BF17: Luvdisc | BG17: 53-55 | BI17: 0.4 | BK17: Whiscash | BL17: 53-55 | BN17: 0.4 | BP17: Dondozo | BQ17: 53-55 | BS17: 0.4 | BU17: Mareanie | BV17: 53-55 | BX17: 0.4 | BZ17: Veluza | CA17: 53-55 | CC17: 0.4 | CE17: Seaking | CF17: 53-55 | CH17: 0.4 | CJ17: Huntail | CK17: 53-55 | CM17: 0.4 | CO17: Basculin-Blue | CP17: 53-55 | CR17: 0.4 | CT17: Lumineon | CU17: 53-55 | CW17: 0.4 | CY17: Seadra | CZ17: 53-55 | DB17: 0.4 | DD17: Seadra | DE17: 53-55 | DG17: 0.4 | DI17: Lumineon | DJ17: 53-55 | DL17: 0.4 | DN17: Poliwhirl | DO17: 53-55 | DQ17: 0.4 | DS17: Crawdaunt | DT17: 53-55 | DV17: 0.4 | DX17: Psyduck | DY17: 53-55 | EC17: 0.4 | EE17: Luvdisc | EF17: 83-85 | EH17: 0.4 | EJ17: Basculin | EK17: 83-85 | EM17: 0.4 | EO17: Alomomola | EP17: 83-85 | ER17: 0.4 | ET17: Sharpedo | EU17: 83-85 | EW17: 0.4 | EY17: Luvdisc | EZ17: 83-85
F18: 0.15 | H18: Clamperl | I18: 53-55 | K18: 0.15 | M18: Bruxish | N18: 53-55 | P18: 0.15 | R18: Basculin-Blue | S18: 53-55 | U18: 0.15 | W18: Kingler | X18: 53-55 | Z18: 0.15 | AB18: Sharpedo | AC18: 53-55 | AE18: 0.15 | AG18: Sharpedo | AH18: 53-55 | AJ18: 0.15 | AL18: Gyarados | AM18: 53-55 | AO18: 0.15 | AQ18: Gyarados | AR18: 53-55 | AT18: 0.15 | AV18: Alomomola | AW18: 53-55 | AY18: 0.15 | BA18: Alomomola | BB18: 53-55 | BD18: 0.15 | BF18: Alomomola | BG18: 53-55 | BI18: 0.15 | BK18: Basculin-Blue | BL18: 53-55 | BN18: 0.15 | BP18: Dewgong | BQ18: 53-55 | BS18: 0.15 | BU18: Mareanie | BV18: 53-55 | BX18: 0.15 | BZ18: Toxapex | CA18: 53-55 | CC18: 0.15 | CE18: Gyarados | CF18: 53-55 | CH18: 0.15 | CJ18: Gorebyss | CK18: 53-55 | CM18: 0.15 | CO18: Clawitzer | CP18: 53-55 | CR18: 0.15 | CT18: Sharpedo | CU18: 53-55 | CW18: 0.15 | CY18: Gyarados | CZ18: 53-55 | DB18: 0.15 | DD18: Gyarados | DE18: 53-55 | DG18: 0.15 | DI18: Sharpedo | DJ18: 53-55 | DL18: 0.15 | DN18: Crawdaunt | DO18: 53-55 | DQ18: 0.15 | DS18: Sharpedo | DT18: 53-55 | DV18: 0.15 | DX18: Poliwhirl | DY18: 53-55 | EC18: 0.15 | EE18: Gorebyss | EF18: 83-85 | EH18: 0.15 | EJ18: Golisopod | EK18: 83-85 | EM18: 0.15 | EO18: Dhelmise-Sevii | EP18: 83-85 | ER18: 0.15 | ET18: Luvdisc | EU18: 83-85 | EW18: 0.15 | EY18: Wishiwashi | EZ18: 83-85
F19: 0.04 | H19: Whiscash | I19: 53-55 | K19: 0.04 | M19: Clawitzer | N19: 53-55 | P19: 0.04 | R19: Wailord | S19: 53-55 | U19: 0.04 | W19: Relicanth | X19: 53-55 | Z19: 0.04 | AB19: Octillery | AC19: 53-55 | AE19: 0.04 | AG19: Octillery | AH19: 53-55 | AJ19: 0.04 | AL19: Psyduck | AM19: 53-55 | AO19: 0.04 | AQ19: Psyduck | AR19: 53-55 | AT19: 0.04 | AV19: Seadra | AW19: 53-55 | AY19: 0.04 | BA19: Seadra | BB19: 53-55 | BD19: 0.04 | BF19: Seadra | BG19: 53-55 | BI19: 0.04 | BK19: Seadra | BL19: 53-55 | BN19: 0.04 | BP19: Bruxish | BQ19: 53-55 | BS19: 0.04 | BU19: Muk | BV19: 53-55 | BX19: 0.04 | BZ19: Mantine | CA19: 53-55 | CC19: 0.04 | CE19: Psyduck | CF19: 53-55 | CH19: 0.04 | CJ19: Mantine | CK19: 53-55 | CM19: 0.04 | CO19: Bruxish | CP19: 53-55 | CR19: 0.04 | CT19: Relicanth | CU19: 53-55 | CW19: 0.04 | CY19: Crawdaunt | CZ19: 53-55 | DB19: 0.04 | DD19: Grapploct | DE19: 53-55 | DG19: 0.04 | DI19: Dhelmise | DJ19: 53-55 | DL19: 0.04 | DN19: Crawdaunt | DO19: 53-55 | DQ19: 0.04 | DS19: Gyarados | DT19: 53-55 | DV19: 0.04 | DX19: Gyarados | DY19: 53-55 | EC19: 0.04 | EE19: Huntail | EF19: 83-85 | EH19: 0.04 | EJ19: Araquanid | EK19: 83-85 | EM19: 0.04 | EO19: Dhelmise-Sevii | EP19: 83-85 | ER19: 0.04 | ET19: Crawdaunt | EU19: 83-85 | EW19: 0.04 | EY19: Kingler | EZ19: 83-85
F20: 0.01 | H20: Whiscash | I20: 53-55 | K20: 0.01 | M20: Clawitzer | N20: 53-55 | P20: 0.01 | R20: Wailord | S20: 53-55 | U20: 0.01 | W20: Relicanth | X20: 53-55 | Z20: 0.01 | AB20: Octillery | AC20: 53-55 | AE20: 0.01 | AG20: Octillery | AH20: 53-55 | AJ20: 0.01 | AL20: Psyduck | AM20: 53-55 | AO20: 0.01 | AQ20: Golduck | AR20: 53-55 | AT20: 0.01 | AV20: Gyarados | AW20: 53-55 | AY20: 0.01 | BA20: Gyarados | BB20: 53-55 | BD20: 0.01 | BF20: Gyarados | BG20: 53-55 | BI20: 0.01 | BK20: Seadra | BL20: 53-55 | BN20: 0.01 | BP20: Drednaw | BQ20: 53-55 | BS20: 0.01 | BU20: Muk-Alola | BV20: 53-55 | BX20: 0.01 | BZ20: Mantine | CA20: 53-55 | CC20: 0.01 | CE20: Psyduck | CF20: 53-55 | CH20: 0.01 | CJ20: Mantine | CK20: 53-55 | CM20: 0.01 | CO20: Bruxish | CP20: 53-55 | CR20: 0.01 | CT20: Relicanth | CU20: 53-55 | CW20: 0.01 | CY20: Crawdaunt | CZ20: 53-55 | DB20: 0.01 | DD20: Grapploct | DE20: 53-55 | DG20: 0.01 | DI20: Dhelmise | DJ20: 53-55 | DL20: 0.01 | DN20: Crawdaunt | DO20: 53-55 | DQ20: 0.01 | DS20: Gyarados | DT20: 53-55 | DV20: 0.01 | DX20: Gyarados | DY20: 53-55 | EC20: 0.01 | EE20: Huntail | EF20: 83-85 | EH20: 0.01 | EJ20: Araquanid | EK20: 83-85 | EM20: 0.01 | EO20: Dhelmise-Sevii | EP20: 83-85 | ER20: 0.01 | ET20: Crawdaunt | EU20: 83-85 | EW20: 0.01 | EY20: Kingler | EZ20: 83-85
C22: =Source!$C29 | D22: SURFING | F22: =Source!$C29 | G22: PALLET TOWN | K22: =Source!$C29 | L22: VIRIDIAN CITY | P22: =Source!$C29 | Q22: ROUTE 22 | U22: =Source!$C29 | V22: ROUTE 21A | Z22: =Source!$C29 | AA22: CERULEAN CITY | AE22: =Source!$C29 | AF22: ROUTE 24 | AJ22: =Source!$C29 | AK22: ROUTE 25 | AO22: =Source!$C29 | AP22: ROUTE 6 | AT22: =Source!$C29 | AU22: VERMILLION CITY | AY22: =Source!$C29 | AZ22: ROUTE 11 | BD22: =Source!$C29 | BE22: S.S. ANNE | BI22: =Source!$C29 | BJ22: ROUTE 10 | BN22: =Source!$C29 | BO22: ROUTE 12 | BS22: =Source!$C29 | BT22: CELADON CITY | BX22: =Source!$C29 | BY22: ROUTE 13 | CC22: =Source!$C29 | CD22: FUCHSIA CITY | CH22: =Source!$C29 | CI22: ROUTE 19 | CM22: =Source!$C29 | CN22: ROUTE 20 | CR22: =Source!$C29 | CS22: ROUTE 21B | CW22: =Source!$C29 | CX22: SEAFOAM B2F | DB22: =Source!$C29 | DC22: SEAFOAM B3F-B4F | DG22: =Source!$C29 | DH22: CINNABAR ISLAND | DL22: =Source!$C29 | DM22: CERULEAN CAVE 1F | DQ22: =Source!$C29 | DR22: CERULEAN CAVE B1F | DV22: =Source!$C29 | DW22: ROUTE 23 | EC22: =Source!$C29 | ED22: KINDLE ROAD | EH22: =Source!$C29 | EI22: TREASURE BEACH | EM22: =Source!$C29 | EN22: BOND BRIDGE | ER22: =Source!$C29 | ES22: BERRY FOREST | EW22: =Source!$C29 | EX22: CAPE BRINK
C23: - Obtained in Safari Zone's western area. | F23: Rarity | G23: Pokémon | I23: Level | K23: Rarity | L23: Pokémon | N23: Level | P23: Rarity | Q23: Pokémon | S23: Level | U23: Rarity | V23: Pokémon | X23: Level | Z23: Rarity | AA23: Pokémon | AC23: Level | AE23: Rarity | AF23: Pokémon | AH23: Level | AJ23: Rarity | AK23: Pokémon | AM23: Level | AO23: Rarity | AP23: Pokémon | AR23: Level | AT23: Rarity | AU23: Pokémon | AW23: Level | AY23: Rarity | AZ23: Pokémon | BB23: Level | BD23: Rarity | BE23: Pokémon | BG23: Level | BI23: Rarity | BJ23: Pokémon | BL23: Level | BN23: Rarity | BO23: Pokémon | BQ23: Level | BS23: Rarity | BT23: Pokémon | BV23: Level | BX23: Rarity | BY23: Pokémon | CA23: Level | CC23: Rarity | CD23: Pokémon | CF23: Level | CH23: Rarity | CI23: Pokémon | CK23: Level | CM23: Rarity | CN23: Pokémon | CP23: Level | CR23: Rarity | CS23: Pokémon | CU23: Level | CW23: Rarity | CX23: Pokémon | CZ23: Level | DB23: Rarity | DC23: Pokémon | DE23: Level | DG23: Rarity | DH23: Pokémon | DJ23: Level | DL23: Rarity | DM23: Pokémon | DO23: Level | DQ23: Rarity | DR23: Pokémon | DT23: Level | DV23: Rarity | DW23: Pokémon | DY23: Level | EC23: Rarity | ED23: Pokémon | EF23: Level | EH23: Rarity | EI23: Pokémon | EK23: Level | EM23: Rarity | EN23: Pokémon | EP23: Level | ER23: Rarity | ES23: Pokémon | EU23: Level | EW23: Rarity | EX23: Pokémon | EZ23: Level
F24: 0.6 | G24: {=IFERROR(VLOOKUP(H24:H28,Dex!$B$3:$N30,2,FALSE),"")} | H24: Tentacool | I24: 56-58 | K24: 0.6 | L24: {=IFERROR(VLOOKUP(M24:M28,Dex!$B$3:$N30,2,FALSE),"")} | M24: Lanturn | N24: 56-58 | P24: 0.6 | Q24: {=IFERROR(VLOOKUP(R24:R28,Dex!$B$3:$N30,2,FALSE),"")} | R24: Psyduck | S24: 56-58 | U24: 0.6 | V24: {=IFERROR(VLOOKUP(W24:W28,Dex!$B$3:$N30,2,FALSE),"")} | W24: Tentacruel | X24: 56-58 | Z24: 0.6 | AA24: {=IFERROR(VLOOKUP(AB24:AB28,Dex!$B$3:$N30,2,FALSE),"")} | AB24: Golduck | AC24: 56-58 | AE24: 0.6 | AF24: {=IFERROR(VLOOKUP(AG24:AG28,Dex!$B$3:$N30,2,FALSE),"")} | AG24: Golduck | AH24: 56-58 | AJ24: 0.6 | AK24: {=IFERROR(VLOOKUP(AL24:AL28,Dex!$B$3:$N30,2,FALSE),"")} | AL24: Psyduck | AM24: 56-58 | AO24: 0.6 | AP24: {=IFERROR(VLOOKUP(AQ24:AQ28,Dex!$B$3:$N30,2,FALSE),"")} | AQ24: Psyduck | AR24: 56-58 | AT24: 0.6 | AU24: {=IFERROR(VLOOKUP(AV24:AV28,Dex!$B$3:$N30,2,FALSE),"")} | AV24: Tentacool | AW24: 56-58 | AY24: 0.6 | AZ24: {=IFERROR(VLOOKUP(BA24:BA28,Dex!$B$3:$N30,2,FALSE),"")} | BA24: Tentacool | BB24: 45422 | BD24: 0.6 | BE24: {=IFERROR(VLOOKUP(BF24:BF28,Dex!$B$3:$N30,2,FALSE),"")} | BF24: Tentacool | BG24: 56-58 | BI24: 0.6 | BJ24: {=IFERROR(VLOOKUP(BK24:BK28,Dex!$B$3:$N30,2,FALSE),"")} | BK24: Tentacool | BL24: 56-58 | BN24: 0.6 | BO24: {=IFERROR(VLOOKUP(BP24:BP28,Dex!$B$3:$N30,2,FALSE),"")} | BP24: Tentacool | BQ24: 56-58 | BS24: 0.6 | BT24: {=IFERROR(VLOOKUP(BU24:BU28,Dex!$B$3:$N30,2,FALSE),"")} | BU24: Poliwhirl | BV24: 56-58 | BX24: 0.6 | BY24: {=IFERROR(VLOOKUP(BZ24:BZ28,Dex!$B$3:$N30,2,FALSE),"")} | BZ24: Tentacool | CA24: 56-58 | CC24: 0.6 | CD24: {=IFERROR(VLOOKUP(CE24:CE28,Dex!$B$3:$N30,2,FALSE),"")} | CE24: Psyduck | CF24: 56-58 | CH24: 0.6 | CI24: {=IFERROR(VLOOKUP(CJ24:CJ28,Dex!$B$3:$N30,2,FALSE),"")} | CJ24: Lumineon | CK24: 56-58 | CM24: 0.6 | CN24: {=IFERROR(VLOOKUP(CO24:CO28,Dex!$B$3:$N30,2,FALSE),"")} | CO24: Tentacruel | CP24: 56-58 | CR24: 0.6 | CS24: {=IFERROR(VLOOKUP(CT24:CT28,Dex!$B$3:$N30,2,FALSE),"")} | CT24: Tentacruel | CU24: 56-58 | CW24: 0.6 | CX24: {=IFERROR(VLOOKUP(CY24:CY28,Dex!$B$3:$N30,2,FALSE),"")} | CY24: Dewgong | CZ24: 56-58 | DB24: 0.6 | DC24: {=IFERROR(VLOOKUP(DD24:DD28,Dex!$B$3:$N30,2,FALSE),"")} | DD24: Golduck | DE24: 56-58 | DG24: 0.6 | DH24: {=IFERROR(VLOOKUP(DI24:DI28,Dex!$B$3:$N30,2,FALSE),"")} | DI24: Tentacruel | DJ24: 56-58 | DL24: 0.6 | DM24: {=IFERROR(VLOOKUP(DN24:DN28,Dex!$B$3:$N30,2,FALSE),"")} | DN24: Seismitoad | DO24: 56-58 | DQ24: 0.6 | DR24: {=IFERROR(VLOOKUP(DS24:DS28,Dex!$B$3:$N30,2,FALSE),"")} | DS24: Sharpedo | DT24: 56-58 | DV24: 0.6 | DW24: {=IFERROR(VLOOKUP(DX24:DX28,Dex!$B$3:$N30,2,FALSE),"")} | DX24: Psyduck | DY24: 56-58 | EC24: 0.6 | ED24: {=IFERROR(VLOOKUP(EE24:EE28,Dex!$B$3:$N30,2,FALSE),"")} | EE24: Mantyke-Sevii | EF24: 56-58 | EH24: 0.6 | EI24: {=IFERROR(VLOOKUP(EJ24:EJ28,Dex!$B$3:$N30,2,FALSE),"")} | EJ24: Mantyke-Sevii | EK24: 60-65 | EM24: 0.6 | EN24: {=IFERROR(VLOOKUP(EO24:EO28,Dex!$B$3:$N30,2,FALSE),"")} | EO24: Palafin | EP24: 60-65 | ER24: 0.6 | ES24: {=IFERROR(VLOOKUP(ET24:ET28,Dex!$B$3:$N30,2,FALSE),"")} | ET24: Araquanid | EU24: 56-58 | EW24: 0.6 | EX24: {=IFERROR(VLOOKUP(EY24:EY28,Dex!$B$3:$N30,2,FALSE),"")} | EY24: Araquanid | EZ24: 60-65
F25: 0.3 | H25: Tentacool | I25: 56-58 | K25: 0.3 | M25: Lanturn | N25: 56-58 | P25: 0.3 | R25: Psyduck | S25: 56-58 | U25: 0.3 | W25: Barraskewda | X25: 56-58 | Z25: 0.3 | AB25: Golduck | AC25: 56-58 | AE25: 0.3 | AG25: Golduck | AH25: 56-58 | AJ25: 0.3 | AL25: Psyduck | AM25: 56-58 | AO25: 0.3 | AQ25: Psyduck | AR25: 56-58 | AT25: 0.3 | AV25: Pelipper | AW25: 56-58 | AY25: 0.3 | BA25: Tentacool | BB25: 45585 | BD25: 0.3 | BF25: Tentacool | BG25: 56-58 | BI25: 0.3 | BK25: Tentacool | BL25: 56-58 | BN25: 0.3 | BP25: Tentacool | BQ25: 56-58 | BS25: 0.3 | BU25: Poliwhirl | BV25: 56-58 | BX25: 0.3 | BZ25: Tentacool | CA25: 56-58 | CC25: 0.3 | CE25: Psyduck | CF25: 56-58 | CH25: 0.3 | CJ25: Jellicent | CK25: 56-58 | CM25: 0.3 | CO25: Sharpedo | CP25: 56-58 | CR25: 0.3 | CT25: Mantine | CU25: 56-58 | CW25: 0.3 | CY25: Walrein | CZ25: 56-58 | DB25: 0.3 | DD25: Slowbro | DE25: 56-58 | DG25: 0.3 | DI25: Mantine | DJ25: 56-58 | DL25: 0.3 | DN25: Golduck | DO25: 56-58 | DQ25: 0.3 | DS25: Slowbro | DT25: 56-58 | DV25: 0.3 | DX25: Psyduck | DY25: 56-58 | EC25: 0.3 | EE25: Pyukumuku | EF25: 56-58 | EH25: 0.3 | EJ25: Basculegion | EK25: 83-85 | EM25: 0.3 | EO25: Slowking | EP25: 83-85 | ER25: 0.3 | ET25: Golisopod | EU25: 56-58 | EW25: 0.3 | EY25: Slowbro | EZ25: 83-85
F26: 0.05 | H26: Tentacruel | I26: 56-58 | K26: 0.05 | M26: Lanturn | N26: 56-58 | P26: 0.05 | R26: Slowpoke | S26: 56-58 | U26: 0.05 | W26: Lumineon | X26: 56-58 | Z26: 0.05 | AB26: Golduck | AC26: 56-58 | AE26: 0.05 | AG26: Golduck | AH26: 56-58 | AJ26: 0.05 | AL26: Psyduck | AM26: 56-58 | AO26: 0.05 | AQ26: Psyduck | AR26: 56-58 | AT26: 0.05 | AV26: Cramorant | AW26: 56-58 | AY26: 0.05 | BA26: Tentacool | BB26: 20-30 | BD26: 0.05 | BF26: Tentacruel | BG26: 56-58 | BI26: 0.05 | BK26: Tentacool | BL26: 56-58 | BN26: 0.05 | BP26: Tentacruel | BQ26: 56-58 | BS26: 0.05 | BU26: Poliwhirl | BV26: 56-58 | BX26: 0.05 | BZ26: Buizel | CA26: 56-58 | CC26: 0.05 | CE26: Psyduck | CF26: 56-58 | CH26: 0.05 | CJ26: Basculin-Blue | CK26: 56-58 | CM26: 0.05 | CO26: Wailord | CP26: 56-58 | CR26: 0.05 | CT26: Mantine | CU26: 56-58 | CW26: 0.05 | CY26: Crawdaunt | CZ26: 56-58 | DB26: 0.05 | DD26: Sharpedo | DE26: 56-58 | DG26: 0.05 | DI26: Mantine | DJ26: 56-58 | DL26: 0.05 | DN26: Crawdaunt | DO26: 56-58 | DQ26: 0.05 | DS26: Toxapex | DT26: 56-58 | DV26: 0.05 | DX26: Psyduck | DY26: 56-58 | EC26: 0.05 | EE26: Cramorant | EF26: 56-58 | EH26: 0.05 | EJ26: Basculegion-F | EK26: 83-85 | EM26: 0.05 | EO26: Mantine-Sevii | EP26: 83-85 | ER26: 0.05 | ET26: Masquerain | EU26: 56-58 | EW26: 0.05 | EY26: Cramorant | EZ26: 83-85
F27: 0.04 | H27: Tentacruel | I27: 56-58 | K27: 0.04 | M27: Lanturn | N27: 56-58 | P27: 0.04 | R27: Poliwhirl | S27: 56-58 | U27: 0.04 | W27: Cramorant | X27: 56-58 | Z27: 0.04 | AB27: Dondozo | AC27: 56-58 | AE27: 0.04 | AG27: Golduck | AH27: 56-58 | AJ27: 0.04 | AL27: Psyduck | AM27: 56-58 | AO27: 0.04 | AQ27: Psyduck | AR27: 56-58 | AT27: 0.04 | AV27: Cramorant | AW27: 56-58 | AY27: 0.04 | BA27: Tentacool | BB27: 30-35 | BD27: 0.04 | BF27: Barraskewda | BG27: 56-58 | BI27: 0.04 | BK27: Wingull | BL27: 56-58 | BN27: 0.04 | BP27: Finneon | BQ27: 56-58 | BS27: 0.04 | BU27: Poliwhirl | BV27: 56-58 | BX27: 0.04 | BZ27: Buizel | CA27: 56-58 | CC27: 0.04 | CE27: Psyduck | CF27: 56-58 | CH27: 0.04 | CJ27: Clawitzer | CK27: 56-58 | CM27: 0.04 | CO27: Lanturn | CP27: 56-58 | CR27: 0.04 | CT27: Jellicent | CU27: 56-58 | CW27: 0.04 | CY27: Crawdaunt | CZ27: 56-58 | DB27: 0.04 | DD27: Sharpedo | DE27: 56-58 | DG27: 0.04 | DI27: Cramorant | DJ27: 56-58 | DL27: 0.04 | DN27: Kingler | DO27: 56-58 | DQ27: 0.04 | DS27: Toxapex | DT27: 56-58 | DV27: 0.04 | DX27: Psyduck | DY27: 56-58 | EC27: 0.04 | EE27: Mantine-Sevii | EF27: 56-58 | EH27: 0.04 | EJ27: Mantine-Sevii | EK27: 83-85 | EM27: 0.04 | EO27: Milotic-Sevii | EP27: 83-85 | ER27: 0.04 | ET27: Masquerain | EU27: 56-58 | EW27: 0.04 | EY27: Barbaracle | EZ27: 83-85
F28: 0.01 | H28: Tentacruel | I28: 56-58 | K28: 0.01 | M28: Lanturn | N28: 56-58 | P28: 0.01 | R28: Poliwhirl | S28: 56-58 | U28: 0.01 | W28: Cramorant | X28: 56-58 | Z28: 0.01 | AB28: Dondozo | AC28: 56-58 | AE28: 0.01 | AG28: Golduck | AH28: 56-58 | AJ28: 0.01 | AL28: Psyduck | AM28: 56-58 | AO28: 0.01 | AQ28: Psyduck | AR28: 56-58 | AT28: 0.01 | AV28: Cramorant | AW28: 56-58 | AY28: 0.01 | BA28: Tentacool | BB28: 35-40 | BD28: 0.01 | BF28: Barraskewda | BG28: 56-58 | BI28: 0.01 | BK28: Wingull | BL28: 56-58 | BN28: 0.01 | BP28: Finneon | BQ28: 56-58 | BS28: 0.01 | BU28: Poliwhirl | BV28: 56-58 | BX28: 0.01 | BZ28: Buizel | CA28: 56-58 | CC28: 0.01 | CE28: Psyduck | CF28: 56-58 | CH28: 0.01 | CJ28: Clawitzer | CK28: 56-58 | CM28: 0.01 | CO28: Lanturn | CP28: 56-58 | CR28: 0.01 | CT28: Jellicent | CU28: 56-58 | CW28: 0.01 | CY28: Crawdaunt | CZ28: 56-58 | DB28: 0.01 | DD28: Sharpedo | DE28: 56-58 | DG28: 0.01 | DI28: Cramorant | DJ28: 56-58 | DL28: 0.01 | DN28: Kingler | DO28: 56-58 | DQ28: 0.01 | DS28: Milotic | DT28: 56-58 | DV28: 0.01 | DX28: Psyduck | DY28: 56-58 | EC28: 0.01 | EE28: Mantine-Sevii | EF28: 56-58 | EH28: 0.01 | EJ28: Mantine-Sevii | EK28: 83-85 | EM28: 0.01 | EO28: Milotic-Sevii | EP28: 83-85 | ER28: 0.01 | ET28: Tentacruel | EU28: 56-58 | EW28: 0.01 | EY28: Barbaracle | EZ28: 83-85

Sheet Safari Zone
C2: CENTER (ZONE 1)
C3: =Source!$C5 | D3: DAY TIME | H3: =Source!$C9 | I3: NIGHT TIME | M3: =Source!$C17 | N3: OLD ROD | R3: =Source!$C21 | S3: GOOD ROD | W3: =Source!$C25 | X3: SUPER ROD | AB3: =Source!$C29 | AC3: SURFING
C4: Rarity | D4: Pokémon | F4: Level | H4: Rarity | I4: Pokémon | K4: Level | M4: Rarity | N4: Pokémon | P4: Level | R4: Rarity | S4: Pokémon | U4: Level | W4: Rarity | X4: Pokémon | Z4: Level | AB4: Rarity | AC4: Pokémon | AE4: Level
C5: 0.2 | D5: {=IFERROR(VLOOKUP(E5:E16,Dex!$B$3:$N86,2,FALSE),"")} | E5: Kecleon | F5: 50-52 | H5: 0.2 | I5: {=IFERROR(VLOOKUP(J5:J16,Dex!$B$3:$N86,2,FALSE),"")} | J5: Kecleon | K5: 50-52 | M5: 0.7 | N5: {=IFERROR(VLOOKUP(O5:O6,Dex!$B$3:$N86,2,FALSE),"")} | O5: Magikarp | P5: 44231 | R5: 0.6 | S5: {=IFERROR(VLOOKUP(T5:T7,Dex!$B$3:$N86,2,FALSE),"")} | T5: Qwilfish | U5: 27-29 | W5: 0.4 | X5: {=IFERROR(VLOOKUP(Y5:Y9,Dex!$B$3:$N86,2,FALSE),"")} | Y5: Alomomola | Z5: 53-55 | AB5: 0.6 | AC5: {=IFERROR(VLOOKUP(AD5:AD9,Dex!$B$3:$N86,2,FALSE),"")} | AD5: Frillish | AE5: 56-58
C6: 0.2 | E6: Spinda | F6: 50-52 | H6: 0.2 | J6: Spinda | K6: 50-52 | M6: 0.3 | O6: Krabby | P6: 44231 | R6: 0.2 | T6: Mareanie | U6: 27-29 | W6: 0.4 | Y6: Basculin | Z6: 53-55 | AB6: 0.3 | AD6: Golduck | AE6: 56-58
C7: 0.1 | E7: Iron Hands | F7: 50-52 | H7: 0.1 | J7: Iron Moth | K7: 50-52 | R7: 0.2 | T7: Mantyke | U7: 27-29 | W7: 0.15 | Y7: Sharpedo | Z7: 53-55 | AB7: 0.05 | AD7: Jellicent | AE7: 56-58
C8: 0.1 | E8: Iron Hands | F8: 50-52 | H8: 0.1 | J8: Iron Moth | K8: 50-52 | W8: 0.04 | Y8: Feebas | Z8: 53-55 | AB8: 0.04 | AD8: Golduck | AE8: 56-58
C9: 0.1 | E9: Meltan | F9: 50-52 | H9: 0.1 | J9: Meltan | K9: 50-52 | W9: 0.01 | Y9: Feebas | Z9: 53-55 | AB9: 0.01 | AD9: Golduck | AE9: 56-58
C10: 0.1 | E10: Meltan | F10: 50-52 | H10: 0.1 | J10: Meltan | K10: 50-52
C11: 0.05 | E11: Porygon | F11: 50-52 | H11: 0.05 | J11: Porygon | K11: 50-52
C12: 0.05 | E12: Porygon | F12: 50-52 | H12: 0.05 | J12: Porygon | K12: 50-52
C13: 0.04 | E13: Scyther | F13: 50-52 | H13: 0.04 | J13: Heracross | K13: 50-52
C14: 0.04 | E14: Scyther | F14: 50-52 | H14: 0.04 | J14: Heracross | K14: 50-52
C15: 0.01 | E15: Chansey | F15: 50-52 | H15: 0.01 | J15: Chansey | K15: 50-52
C16: 0.01 | E16: Chansey | F16: 50-52 | H16: 0.01 | J16: Chansey | K16: 50-52
C19: EAST (ZONE 2)
C20: =Source!$C5 | D20: DAY TIME | H20: =Source!$C9 | I20: NIGHT TIME | M20: =Source!$C17 | N20: OLD ROD | R20: =Source!$C21 | S20: GOOD ROD | W20: =Source!$C25 | X20: SUPER ROD | AB20: =Source!$C29 | AC20: SURFING
C21: Rarity | D21: Pokémon | F21: Level | H21: Rarity | I21: Pokémon | K21: Level | M21: Rarity | N21: Pokémon | P21: Level | R21: Rarity | S21: Pokémon | U21: Level | W21: Rarity | X21: Pokémon | Z21: Level | AB21: Rarity | AC21: Pokémon | AE21: Level
C22: 0.2 | D22: {=IFERROR(VLOOKUP(E22:E33,Dex!$B$3:$N86,2,FALSE),"")} | E22: Hawlucha | F22: 50-52 | H22: 0.2 | I22: {=IFERROR(VLOOKUP(J22:J33,Dex!$B$3:$N86,2,FALSE),"")} | J22: Hawlucha | K22: 50-52 | M22: 0.7 | N22: {=IFERROR(VLOOKUP(O22:O23,Dex!$B$3:$N86,2,FALSE),"")} | O22: Magikarp | P22: 44231 | R22: 0.6 | S22: {=IFERROR(VLOOKUP(T22:T24,Dex!$B$3:$N86,2,FALSE),"")} | T22: Corsola | U22: 27-29 | W22: 0.4 | X22: {=IFERROR(VLOOKUP(Y22:Y26,Dex!$B$3:$N86,2,FALSE),"")} | Y22: Gorebyss | Z22: 53-55 | AB22: 0.6 | AC22: {=IFERROR(VLOOKUP(AD22:AD26,Dex!$B$3:$N86,2,FALSE),"")} | AD22: Wimpod | AE22: 56-58
C23: 0.2 | E23: Castform | F23: 50-52 | H23: 0.2 | J23: Castform | K23: 50-52 | M23: 0.3 | O23: Arrokuda | P23: 44231 | R23: 0.2 | T23: Seadra | U23: 27-29 | W23: 0.4 | Y23: Huntail | Z23: 53-55 | AB23: 0.3 | AD23: Lanturn | AE23: 56-58
C24: 0.1 | E24: Tauros | F24: 50-52 | H24: 0.1 | J24: Tauros-Blaze | K24: 50-52 | R24: 0.2 | T24: Remoraid | U24: 27-29 | W24: 0.15 | Y24: Starmie | Z24: 53-55 | AB24: 0.05 | AD24: Araquanid | AE24: 56-58
C25: 0.1 | E25: Tauros-Combat | F25: 50-52 | H25: 0.1 | J25: Tauros-Aqua | K25: 50-52 | W25: 0.04 | Y25: Dhelmise | Z25: 53-55 | AB25: 0.04 | AD25: Seismitoad | AE25: 56-58
C26: 0.1 | E26: Wobbuffet | F26: 50-52 | H26: 0.1 | J26: Wobbuffet | K26: 50-52 | W26: 0.01 | Y26: Dhelmise | Z26: 53-55 | AB26: 0.01 | AD26: Seismitoad | AE26: 56-58
C27: 0.1 | E27: Wobbuffet | F27: 50-52 | H27: 0.1 | J27: Wobbuffet | K27: 50-52
C28: 0.05 | E28: Zorua | F28: 50-52 | H28: 0.05 | J28: Zorua-Hisui | K28: 50-52
C29: 0.05 | E29: Zorua | F29: 50-52 | H29: 0.05 | J29: Zorua-Hisui | K29: 50-52
C30: 0.04 | E30: Pinsir | F30: 50-52 | H30: 0.04 | J30: Pinsir | K30: 50-52
C31: 0.04 | E31: Pinsir | F31: 50-52 | H31: 0.04 | J31: Pinsir | K31: 50-52
C32: 0.01 | E32: Kangaskhan | F32: 50-52 | H32: 0.01 | J32: Kangaskhan | K32: 50-52
C33: 0.01 | E33: Kangaskhan | F33: 50-52 | H33: 0.01 | J33: Kangaskhan | K33: 50-52
C36: NORTH (ZONE 3)
C37: =Source!$C5 | D37: DAY TIME | H37: =Source!$C9 | I37: NIGHT TIME | M37: =Source!$C17 | N37: OLD ROD | R37: =Source!$C21 | S37: GOOD ROD | W37: =Source!$C25 | X37: SUPER ROD | AB37: =Source!$C29 | AC37: SURFING
C38: Rarity | D38: Pokémon | F38: Level | H38: Rarity | I38: Pokémon | K38: Level | M38: Rarity | N38: Pokémon | P38: Level | R38: Rarity | S38: Pokémon | U38: Level | W38: Rarity | X38: Pokémon | Z38: Level | AB38: Rarity | AC38: Pokémon | AE38: Level
C39: 0.2 | D39: {=IFERROR(VLOOKUP(E39:E50,Dex!$B$3:$N86,2,FALSE),"")} | E39: Klefki | F39: 50-52 | H39: 0.2 | I39: {=IFERROR(VLOOKUP(J39:J50,Dex!$B$3:$N86,2,FALSE),"")} | J39: Klefki | K39: 50-52 | M39: 0.7 | N39: {=IFERROR(VLOOKUP(O39:O40,Dex!$B$3:$N86,2,FALSE),"")} | O39: Magikarp | P39: 44231 | R39: 0.6 | S39: {=IFERROR(VLOOKUP(T39:T41,Dex!$B$3:$N86,2,FALSE),"")} | T39: Pyukumuku | U39: 27-29 | W39: 0.4 | X39: {=IFERROR(VLOOKUP(Y39:Y43,Dex!$B$3:$N86,2,FALSE),"")} | Y39: Kingler | Z39: 53-55 | AB39: 0.6 | AC39: {=IFERROR(VLOOKUP(AD39:AD43,Dex!$B$3:$N86,2,FALSE),"")} | AD39: Dewpider | AE39: 56-58
C40: 0.2 | E40: Sandy Shocks | F40: 50-52 | H40: 0.2 | J40: Sandy Shocks | K40: 50-52 | M40: 0.3 | O40: Poliwag | P40: 44231 | R40: 0.2 | T40: Krabby | U40: 27-29 | W40: 0.4 | Y40: Bruxish | Z40: 53-55 | AB40: 0.3 | AD40: Toxapex | AE40: 56-58
C41: 0.1 | E41: Scream Tail | F41: 50-52 | H41: 0.1 | J41: Brute Bonnet | K41: 50-52 | R41: 0.2 | T41: Wailmer | U41: 27-29 | W41: 0.15 | Y41: Tatsugiri | Z41: 53-55 | AB41: 0.05 | AD41: Golisopod | AE41: 56-58
C42: 0.1 | E42: Scream Tail | F42: 50-52 | H42: 0.1 | J42: Brute Bonnet | K42: 50-52 | W42: 0.04 | Y42: Skrelp | Z42: 53-55 | AB42: 0.04 | AD42: Golisopod | AE42: 56-58
C43: 0.1 | E43: Bisharp | F43: 50-52 | H43: 0.1 | J43: Bisharp | K43: 50-52 | W43: 0.01 | Y43: Skrelp | Z43: 53-55 | AB43: 0.01 | AD43: Golisopod | AE43: 56-58
C44: 0.1 | E44: Bisharp | F44: 50-52 | H44: 0.1 | J44: Bisharp | K44: 50-52
C45: 0.05 | E45: Skarmory | F45: 50-52 | H45: 0.05 | J45: Corviknight | K45: 50-52
C46: 0.05 | E46: Skarmory | F46: 50-52 | H46: 0.05 | J46: Corviknight | K46: 50-52
C47: 0.04 | E47: Gimmighoul | F47: 50-52 | H47: 0.04 | J47: Gimmighoul | K47: 50-52
C48: 0.04 | E48: Gimmighoul | F48: 50-52 | H48: 0.04 | J48: Gimmighoul | K48: 50-52
C49: 0.01 | E49: Axew | F49: 50-52 | H49: 0.01 | J49: Axew | K49: 50-52
C50: 0.01 | E50: Axew | F50: 50-52 | H50: 0.01 | J50: Axew | K50: 50-52
C53: WEST (ZONE 4)
C54: =Source!$C5 | D54: DAY TIME | H54: =Source!$C9 | I54: NIGHT TIME | M54: =Source!$C17 | N54: OLD ROD | R54: =Source!$C21 | S54: GOOD ROD | W54: =Source!$C25 | X54: SUPER ROD | AB54: =Source!$C29 | AC54: SURFING
C55: Rarity | D55: Pokémon | F55: Level | H55: Rarity | I55: Pokémon | K55: Level | M55: Rarity | N55: Pokémon | P55: Level | R55: Rarity | S55: Pokémon | U55: Level | W55: Rarity | X55: Pokémon | Z55: Level | AB55: Rarity | AC55: Pokémon | AE55: Level
C56: 0.2 | D56: {=IFERROR(VLOOKUP(E56:E67,Dex!$B$3:$N86,2,FALSE),"")} | E56: Druddigon | F56: 50-52 | H56: 0.2 | I56: {=IFERROR(VLOOKUP(J56:J67,Dex!$B$3:$N86,2,FALSE),"")} | J56: Druddigon | K56: 50-52 | M56: 0.7 | N56: {=IFERROR(VLOOKUP(O56:O57,Dex!$B$3:$N86,2,FALSE),"")} | O56: Magikarp | P56: 44231 | R56: 0.6 | S56: {=IFERROR(VLOOKUP(T56:T58,Dex!$B$3:$N86,2,FALSE),"")} | T56: Qwilfish | U56: 27-29 | W56: 0.4 | X56: {=IFERROR(VLOOKUP(Y56:Y60,Dex!$B$3:$N86,2,FALSE),"")} | Y56: Crawdaunt | Z56: 53-55 | AB56: 0.6 | AC56: {=IFERROR(VLOOKUP(AD56:AD60,Dex!$B$3:$N86,2,FALSE),"")} | AD56: Lumineon | AE56: 56-58
C57: 0.2 | E57: Druddigon | F57: 50-52 | H57: 0.2 | J57: Druddigon | K57: 50-52 | M57: 0.3 | O57: Horsea | P57: 44231 | R57: 0.2 | T57: Seadra | U57: 27-29 | W57: 0.4 | Y57: Seaking | Z57: 53-55 | AB57: 0.3 | AD57: Floatzel | AE57: 56-58
C58: 0.1 | E58: Iron Thorns | F58: 50-52 | H58: 0.1 | J58: Iron Jugulis | K58: 50-52 | R58: 0.2 | T58: Wailmer | U58: 27-29 | W58: 0.15 | Y58: Basculin | Z58: 53-55 | AB58: 0.05 | AD58: Relicanth | AE58: 56-58
C59: 0.1 | E59: Iron Thorns | F59: 50-52 | H59: 0.1 | J59: Iron Jugulis | K59: 50-52 | W59: 0.04 | Y59: Relicanth | Z59: 53-55 | AB59: 0.04 | AD59: Golduck | AE59: 56-58
C60: 0.1 | E60: Hippowdon | F60: 50-52 | H60: 0.1 | J60: Hippowdon | K60: 50-52 | W60: 0.01 | Y60: Relicanth | Z60: 53-55 | AB60: 0.01 | AD60: Milotic | AE60: 56-58
C61: 0.1 | E61: Hippowdon | F61: 50-52 | H61: 0.1 | J61: Hippowdon | K61: 50-52
C62: 0.05 | E62: Slither Wing | F62: 50-52 | H62: 0.05 | J62: Slither Wing | K62: 50-52
C63: 0.05 | E63: Slither Wing | F63: 50-52 | H63: 0.05 | J63: Slither Wing | K63: 50-52
C64: 0.04 | E64: Crabominable | F64: 50-52 | H64: 0.04 | J64: Crabominable | K64: 50-52
C65: 0.04 | E65: Crabominable | F65: 50-52 | H65: 0.04 | J65: Crabominable | K65: 50-52
C66: 0.01 | E66: Smeargle | F66: 50-52 | H66: 0.01 | J66: Smeargle | K66: 50-52
C67: 0.01 | E67: Smeargle | F67: 50-52 | H67: 0.01 | J67: Smeargle | K67: 50-52
C70: FAR-WEST (ZONE 5)
C71: =Source!$C5 | D71: DAY TIME | H71: =Source!$C9 | I71: NIGHT TIME | M71: =Source!$C17 | N71: OLD ROD | R71: =Source!$C21 | S71: GOOD ROD | W71: =Source!$C25 | X71: SUPER ROD | AB71: =Source!$C29 | AC71: SURFING
C72: Rarity | D72: Pokémon | F72: Level | H72: Rarity | I72: Pokémon | K72: Level | M72: Rarity | N72: Pokémon | P72: Level | R72: Rarity | S72: Pokémon | U72: Level | W72: Rarity | X72: Pokémon | Z72: Level | AB72: Rarity | AC72: Pokémon | AE72: Level
C73: 0.2 | D73: {=IFERROR(VLOOKUP(E73:E84,Dex!$B$3:$N86,2,FALSE),"")} | E73: Hydrapple | F73: 50-52 | H73: 0.2 | I73: {=IFERROR(VLOOKUP(J73:J84,Dex!$B$3:$N86,2,FALSE),"")} | J73: Hydrapple | K73: 50-52 | M73: 0.7 | N73: {=IFERROR(VLOOKUP(O73:O74,Dex!$B$3:$N86,2,FALSE),"")} | O73: Magikarp | P73: 44231 | R73: 0.6 | S73: {=IFERROR(VLOOKUP(T73:T75,Dex!$B$3:$N86,2,FALSE),"")} | T73: Qwilfish | U73: 27-29 | W73: 0.4 | X73: {=IFERROR(VLOOKUP(Y73:Y77,Dex!$B$3:$N86,2,FALSE),"")} | Y73: Crawdaunt | Z73: 53-55 | AB73: 0.6 | AC73: {=IFERROR(VLOOKUP(AD73:AD77,Dex!$B$3:$N86,2,FALSE),"")} | AD73: Lapras | AE73: 56-58
C74: 0.2 | E74: Carnivine | F74: 50-52 | H74: 0.2 | J74: Carnivine | K74: 50-52 | M74: 0.3 | O74: Horsea | P74: 44231 | R74: 0.2 | T74: Seadra | U74: 27-29 | W74: 0.4 | Y74: Seaking | Z74: 53-55 | AB74: 0.3 | AD74: Floatzel | AE74: 56-58
C75: 0.1 | E75: Chatot | F75: 50-52 | H75: 0.1 | J75: Chatot | K75: 50-52 | R75: 0.2 | T75: Wailmer | U75: 27-29 | W75: 0.15 | Y75: Basculin | Z75: 53-55 | AB75: 0.05 | AD75: Relicanth | AE75: 56-58
C76: 0.1 | E76: Munchlax | F76: 50-52 | H76: 0.1 | J76: Munchlax | K76: 50-52 | W76: 0.04 | Y76: Relicanth | Z76: 53-55 | AB76: 0.04 | AD76: Golduck | AE76: 56-58
C77: 0.1 | E77: Eiscue | F77: 50-52 | H77: 0.1 | J77: Eiscue | K77: 50-52 | W77: 0.01 | Y77: Relicanth | Z77: 53-55 | AB77: 0.01 | AD77: Milotic | AE77: 56-58
C78: 0.1 | E78: Eiscue | F78: 50-52 | H78: 0.1 | J78: Eiscue | K78: 50-52
C79: 0.05 | E79: Sirfetch'd | F79: 50-52 | H79: 0.05 | J79: Sirfetch'd | K79: 50-52
C80: 0.05 | E80: Sirfetch'd | F80: 50-52 | H80: 0.05 | J80: Sirfetch'd | K80: 50-52
C81: 0.04 | E81: Eevee | F81: 50-52 | H81: 0.04 | J81: Eevee | K81: 50-52
C82: 0.04 | E82: Eevee | F82: 50-52 | H82: 0.04 | J82: Eevee | K82: 50-52
C83: 0.01 | E83: Floette-Eternal | F83: 50-52 | H83: 0.01 | J83: Floette-Eternal | K83: 50-52
C84: 0.01 | E84: Floette-Eternal | F84: 50-52 | H84: 0.01 | J84: Floette-Eternal | K84: 50-52

Sheet Fossils
C3: FOSSILS IN VERMILION CITY'S FANCLUB
C5: - Trade shards with a Hiker in the Vermilion City Fanclub to obtain a Fossil Pokémon.
C6: - The fossils that you find in Mt. Moon/Pewter City can be revived by a Scientist in the same building.
C7: - That Hiker can sell you the other Fossil Pokémon that you didn't choose in Mt. Moon.
C8: - For Galarian Fossil Pokémon, refer to the "Grass & Caves" and "Raid Dens" tabs.
C11: =Source!$E$9 | D11: GREEN SHARD | E11: =IMAGE("https://i.ibb.co/SXG0s7n/2-1.png") | H11: =Source!$E$5 | I11: BLUE SHARD | J11: =IMAGE("https://i.ibb.co/Kx0DJFL/2-1.png") | M11: =Source!$E$13 | N11: RED SHARD | O11: =IMAGE("https://i.ibb.co/MBxgmgC/2-1.png") | R11: =Source!$E$17 | S11: YELLOW SHARD | T11: =IMAGE("https://i.ibb.co/yR6q8VR/2-1.png") | W11: MT. MOON | Y11: =IMAGE("https://i.ibb.co/RDzHWPM/2-1.png") | AB11: PEWTER MUSEUM | AD11: =IMAGE("https://i.ibb.co/ysHMCF9/2-1.png")
C12: =IMAGE("https://i.ibb.co/cLKnHCc/lileep.png",3) | D12: Lileep | E12: =IMAGE("https://i.ibb.co/SXG0s7n/2-1.png") | H12: =IMAGE("https://i.ibb.co/LdMhyjv/omanyte.png",3) | I12: Omanyte | J12: =IMAGE("https://i.ibb.co/Kx0DJFL/2-1.png") | M12: =IMAGE("https://i.ibb.co/1G4ZpBw/cranidos.png",3) | N12: Cranidos | O12: =IMAGE("https://i.ibb.co/MBxgmgC/2-1.png") | R12: =IMAGE("https://i.ibb.co/rxKd3S4/anorith.png",3) | S12: Anorith | T12: =IMAGE("https://i.ibb.co/yR6q8VR/2-1.png") | W12: =IMAGE("https://i.ibb.co/LdMhyjv/omanyte.png",3) | X12: Omanyte | Y12: =IMAGE("https://i.ibb.co/RDzHWPM/2-1.png") | AB12: =IMAGE("https://i.ibb.co/4Z41jDL/aerodactyl.png",3) | AC12: Aerodactyl | AD12: =IMAGE("https://i.ibb.co/ysHMCF9/2-1.png")
C13: =IMAGE("https://i.ibb.co/w4Wp6Ht/archen.png",3) | D13: Archen | E13: =IMAGE("https://i.ibb.co/SXG0s7n/2-1.png") | H13: =IMAGE("https://i.ibb.co/SNkGpZH/kabuto.png",3) | I13: Kabuto | J13: =IMAGE("https://i.ibb.co/Kx0DJFL/2-1.png") | M13: =IMAGE("https://i.ibb.co/x227Y9V/tyrunt.png",3) | N13: Tyrunt | O13: =IMAGE("https://i.ibb.co/MBxgmgC/2-1.png") | R13: =IMAGE("https://i.ibb.co/sC4yvnX/shieldon.png",3) | S13: Shieldon | T13: =IMAGE("https://i.ibb.co/yR6q8VR/2-1.png") | W13: =IMAGE("https://i.ibb.co/SNkGpZH/kabuto.png",3) | X13: Kabuto | Y13: =IMAGE("https://i.ibb.co/RDzHWPM/2-1.png")
H14: =IMAGE("https://i.ibb.co/GWNWVzt/tirtouga.png",3) | I14: Tirtouga | J14: =IMAGE("https://i.ibb.co/Kx0DJFL/2-1.png") | R14: =IMAGE("https://i.ibb.co/zP4XWP6/amaura.png",3) | S14: Amaura | T14: =IMAGE("https://i.ibb.co/yR6q8VR/2-1.png")

Sheet Statics & Special Pokemon
C3: POKEMON | F3: LOCATION
C5: {=IFERROR(VLOOKUP(D5:D156,Dex!$B$3:$N165,2,FALSE),"")} | D5: Snorlax | F5: Lv. 45 - Route 12 and Route 16, blocking the path. Requires Pokéflute, only two available, always holds Leftovers.
D6: Articuno | F6: Lv. 70 - Seafoam Islands B4F.
D7: Articuno-Galar | F7: Lv. 70 - Seafoam Islands B4F, one day after Articuno is knocked out or caught.
D8: Zapdos | F8: Lv. 70 - Power Plant.
D9: Zapdos-Galar | F9: Lv. 70 - Power Plant, one day after Zapdos is knocked out or caught.
D10: Moltres | F10: Lv. 70 - Safari Zone Far-Western Area.
D11: Moltres-Galar | F11: Lv. 70 - Safari Zone Far-Western Area, one day after Moltres is knocked out or caught.
D12: Mewtwo | F12: Lv. 70 - Cerulean Cave B1F, only after defeating Champion Blue.
D13: Mew | F13: Lv. 100 - Three Island Berry Forest, given to you by Gatekeeper Owen after winning the Berry Forest Gauntlet, knocking out Mew, then returning to Berry Forest with Mewtwo as your follower Pokémon, interacting with it and defeating Gatekeeper Owen.
D14: Raikou | F14: Lv. ?? - Route 2, possible 4-Stars raid encounter.
D15: Entei | F15: Lv. ?? - Route 2, possible 4-Stars raid encounter.
D16: Suicune | F16: Lv. ?? - Route 2, possible 4-Stars raid encounter.
D17: Lugia | F17: =HYPERLINK("https://docs.google.com/spreadsheets/d/15mUFUcN8250hRL7iUOJPX0s1rMcgVuJPuHANioL4o2o/edit#gid=1403913857", "Lv. 85 - See Mystery Gifts tab.") -> Lv. 85 - See Mystery Gifts tab.
D18: Ho-Oh | F18: =HYPERLINK("https://docs.google.com/spreadsheets/d/15mUFUcN8250hRL7iUOJPX0s1rMcgVuJPuHANioL4o2o/edit#gid=1403913857", "Lv. 85 - See Mystery Gifts tab.") -> Lv. 85 - See Mystery Gifts tab.
D19: Celebi | F19: Lv. ?? - Route 25, possible 4-Stars raid encounter.
D20: Regirock | F20: Lv. ?? - Mt. Moon, possible 3-Stars raid encounter.
D21: Regice | F21: Lv. ?? - Mt. Moon, possible 3-Stars raid encounter.
D22: Registeel | F22: Lv. ?? - Mt. Moon, possible 3-Stars raid encounter.
D23: Latias | F23: Lv. 80 - Roams in Kanto (Roamers are unlocked after getting the 8th badge and heading over to Route 22).
D24: Latios | F24: Lv. 80 - Roams in Kanto (Roamers are unlocked after getting the 8th badge and heading over to Route 22).
D25: Kyogre | F25: Lv. 100 - Seafoam Islands Secret Room, accessed by beating the Sandshrew in B2F in a race then defeating Pryce in a Rematch Battle. Requires Bike Key Item and Z-Ring Key Item.
D26: Groudon | F26: =HYPERLINK("https://docs.google.com/spreadsheets/d/15mUFUcN8250hRL7iUOJPX0s1rMcgVuJPuHANioL4o2o/edit#gid=1403913857", "Lv. 85 - See Mystery Gifts tab.") -> Lv. 85 - See Mystery Gifts tab.
D27: Rayquaza | F27: =HYPERLINK("https://docs.google.com/spreadsheets/d/15mUFUcN8250hRL7iUOJPX0s1rMcgVuJPuHANioL4o2o/edit#gid=1403913857", "Lv. 85 - See Mystery Gifts tab.") -> Lv. 85 - See Mystery Gifts tab.
D28: Jirachi | F28: Lv. ?? - Victory Road, possible 5-Stars raid encounter.
D29: Deoxys | F29: =HYPERLINK("https://docs.google.com/spreadsheets/d/15mUFUcN8250hRL7iUOJPX0s1rMcgVuJPuHANioL4o2o/edit#gid=1403913857", "Lv. 85 - See Mystery Gifts tab.") -> Lv. 85 - See Mystery Gifts tab.
D30: Deoxys-A | F30: With Deoxys in your team, head over to Pewter City's museum, go upstairs and interact with the inscription where the Moon Stone is exposed. Choose the Deoxys that's in your team and select the Attack, Defense or Speed form. To turn Deoxys back to its Normal form, choose the Normal option.
D31: Deoxys-D
D32: Deoxys-S
D33: Rotom-Wash | F33: With Rotom as your Follower Pokémon, head over to Oak's Lab or the Cinnabar Island Labs and interact with the big machine that's red at the top. Your Rotom will change its form depending on the option you choose.
D34: Rotom-Heat
D35: Rotom-Fan
D36: Rotom-Mow
D37: Rotom-Frost
D38: Uxie | F38: Lv. ?? - Route 10, possible 4-Stars raid encounter.
D39: Mesprit | F39: Lv. ?? - Route 10, possible 4-Stars raid encounter.
D40: Azelf | F40: Lv. ?? - Route 10, possible 4-Stars raid encounter.
D41: Dialga | F41: =HYPERLINK("https://docs.google.com/spreadsheets/d/15mUFUcN8250hRL7iUOJPX0s1rMcgVuJPuHANioL4o2o/edit#gid=1403913857", "Lv. 85 - See Mystery Gifts tab.") -> Lv. 85 - See Mystery Gifts tab.
D42: Dialga-Origin | F42: Unavailable
D43: Palkia | F43: =HYPERLINK("https://docs.google.com/spreadsheets/d/15mUFUcN8250hRL7iUOJPX0s1rMcgVuJPuHANioL4o2o/edit#gid=1403913857", "Lv. 85 - See Mystery Gifts tab.") -> Lv. 85 - See Mystery Gifts tab.
D44: Palkia-Origin | F44: Unavailable
D45: Heatran | F45: Lv. 90 - One Island Mt. Ember, after defeating Archer in a Rematch Battle.
D46: Regigigas | F46: Lv. ?? - Mt. Moon, possible 6-Stars raid encounter.
D47: Giratina | F47: =HYPERLINK("https://docs.google.com/spreadsheets/d/15mUFUcN8250hRL7iUOJPX0s1rMcgVuJPuHANioL4o2o/edit#gid=1403913857", "Lv. 85 - See Mystery Gifts tab.") -> Lv. 85 - See Mystery Gifts tab.
D48: Giratina-O | F48: Make Giratina hold a Griseous Orb.
D49: Cresselia | F49: Lv. ?? - Route 13, possible 5-Stars raid encounter.
D50: Phione | F50: Hatch an Egg obtained from a Manaphy parent and a Ditto.
D51: Manaphy | F51: Lv. ?? - Seafoam Islands 1F, possible 6-Stars raid encounter.
D52: Darkrai | F52: =HYPERLINK("https://docs.google.com/spreadsheets/d/15mUFUcN8250hRL7iUOJPX0s1rMcgVuJPuHANioL4o2o/edit#gid=1403913857", "Lv. 85 - See Mystery Gifts tab.") -> Lv. 85 - See Mystery Gifts tab.
D53: Shaymin | F53: Lv. ?? - Viridian Forest Expansion, possible 5-Stars raid encounter.
D54: Shaymin-Sky | F54: Use Gracidea Key Item on Shaymin. To obtain this item, defeat Falkner in the secret area of Rock Tunnel, near the exit of Power Plant. Requires Z-Ring Key Item. Use the Gracidea again to revert to normal form.
D55: Arceus | F55: Unavailable
D56: Victini | F56: Lv. ?? - Route 13, possible 5-Stars raid encounter.
D57: Cobalion | F57: Lv. 65 - Mt. Moon B2F. Requires Rock Smash HM.
D58: Terrakion | F58: Lv. 65 - Rock Tunnel B1F. Requires Rock Smash HM.
D59: Virizion | F59: Lv. 65 - Viridian Forest Expansion. Requires Rock Smash HM.
D60: Tornadus-I | F60: Lv. 80 - Roams in Kanto (Roamers are unlocked after getting the 8th badge and heading over to Route 22).
D61: Tornadus-T | F61: Use Reveal Glass Key Item on Tornadus-I. To obtain this item, show any of the following Pokémon to a Scientist in Cinnabar Island Labs, third room: Tornadus, Thundurus, Landorus, Enamorus. Use the Reveal Glass again to revert to Incarnate Form.
D62: Thundurus-I | F62: Lv. 80 - Roams in Kanto (Roamers are unlocked after getting the 8th badge and heading over to Route 22).
D63: Thundurus-T | F63: Use Reveal Glass Key Item on Thundurus-I. To obtain this item, show any of the following Pokémon to a Scientist in Cinnabar Island Labs, third room: Tornadus, Thundurus, Landorus, Enamorus. Use the Reveal Glass again to revert to Incarnate Form.
D64: Reshiram | F64: =HYPERLINK("https://docs.google.com/spreadsheets/d/15mUFUcN8250hRL7iUOJPX0s1rMcgVuJPuHANioL4o2o/edit#gid=1403913857", "Lv. 85 - See Mystery Gifts tab.") -> Lv. 85 - See Mystery Gifts tab.
D65: Zekrom | F65: =HYPERLINK("https://docs.google.com/spreadsheets/d/15mUFUcN8250hRL7iUOJPX0s1rMcgVuJPuHANioL4o2o/edit#gid=1403913857", "Lv. 85 - See Mystery Gifts tab.") -> Lv. 85 - See Mystery Gifts tab.
D66: Landorus-I | F66: Lv. 80 - Roams in Kanto (Roamers are unlocked after getting the 8th badge and heading over to Route 22).
D67: Landorus-T | F67: Use Reveal Glass Key Item on Landorus-I. To obtain this item, show any of the following Pokémon to a Scientist in Cinnabar Island Labs, third room: Tornadus, Thundurus, Landorus, Enamorus. Use the Reveal Glass again to revert to Incarnate Form.
D68: Kyurem | F68: Lv. ?? - Seafoam Islands 1F, possible 6-Stars raid encounter.
D69: Kyurem-B | F69: Use DNA Splicers Key Item on Kyurem and Zekrom for Kyurem-Black, or Kyurem and Rehsiram for Kyurem-White. To obtain this item, show any of the following Pokémon to a Scientist in Cinnabar Island Labs, third room: Reshiram, Zekrom, Kyurem. Use the DNA Splicers again to separate both Pokémon.
D70: Kyurem-W
D71: Keldeo | F71: Lv. 70 - Seafoam Islands B1F.
D72: Meloetta | F72: Lv. ?? - Victory Road, possible 5-Stars raid encounter.
D73: Genesect | F73: Lv. ?? - Victory Road, possible 5-Stars raid encounter.
D74: Greninja-Ash | F74: Change Greninja's Ability to Battle Bond with an Ability Pill.
D75: Xerneas | F75: =HYPERLINK("https://docs.google.com/spreadsheets/d/15mUFUcN8250hRL7iUOJPX0s1rMcgVuJPuHANioL4o2o/edit#gid=1403913857", "Lv. 85 - See Mystery Gifts tab.") -> Lv. 85 - See Mystery Gifts tab.
D76: Yveltal | F76: =HYPERLINK("https://docs.google.com/spreadsheets/d/15mUFUcN8250hRL7iUOJPX0s1rMcgVuJPuHANioL4o2o/edit#gid=1403913857", "Lv. 85 - See Mystery Gifts tab.") -> Lv. 85 - See Mystery Gifts tab.
D77: Zygarde-10 | F77: Lv. ?? - Route 16, possible 4-Stars raid encounter.
D78: Zygarde | F78: Lv. ?? - Victory Road, 6-Stars raid encounter.
D79: Diancie | F79: Lv. ?? - Route 16, possible 4-Stars raid encounter.
D80: Hoopa | F80: Lv. ?? - Pokémon Mansion 1F, possible 5-Stars raid encounter.
D81: Hoopa-U | F81: Use Prison Bottle Key Item on Hoopa. To obtain this item, show Hoopa to a Scientist in Cinnabar Island Labs, third room. Use the Prison Bottle again to revert to normal form.
D82: Volcanion | F82: Lv. ?? - Route 13, possible 5-Stars raid encounter.
D83: Type: Null | F83: Lv. ?? - Cerulean Cave all floors, 2% encounter.
D84: Silvally | F84: Evolve Type: Null (Level-Up with 220+ Happiness). You can change Silvally's form by talking to a Scientist in Cinnabar Island Labs, third room.
D85: Tapu Koko | F85: Lv. ?? - Power Plant, 6-Stars raid encounter.
D86: Tapu Lele | F86: Lv. ?? - Pokémon Mansion 1F, 6-Stars raid encounter.
D87: Tapu Bulu | F87: Lv. ?? - Viridian Forest Expansion, 6-Stars raid encounter.
D88: Tapu Fini | F88: Lv. ?? - Seafoam Islands 1F, possible 6-Stars raid encounter.
... D101: Necrozma-DM | F101: Use Necrozmizer Key Item on Necrozma and Solgaleo for Dusk Mane form, or Necrozma and Lunala for Dawn Wings form. To obtain this item, buy it for 50 BP from the One Island Battle Simulator. Use the Necrozmizer again to separate both Pokémon.
D102: Necrozma-DW
D103: Magearna | F103: Lv. 90 - Rock Tunnel Secret Room, accessed from Power Plant's exit. Requires Z-Ring Key Item.
D104: Magearna-Original | F104: Unavailable
D105: Marshadow | F105: Lv. 100 - Pokémon Tower Top, after winning the Pokémon Tower Gauntlet and defeating Morty in a Rematch Battle. Requires Z-Ring Key Item.
D106: Poipole | F106: Lv. ?? - Cerulean Cave 2F, possible 6-Stars raid encounter.
D107: Naganadel | F107: Evolve Poipole (Level-Up while knowing Dragon Pulse).
D108: Stakataka | F108: Lv. ?? - Cerulean Cave 2F, possible 5-Stars raid encounter.
D109: Blacephalon | F109: Lv. ?? - Cerulean Cave 2F, possible 6-Stars raid encounter.
D110: Zeraora | F110: Lv. ?? - Power Plant, possible 5-Stars raid encounter.
D111: Meltan | F111: Lv. ?? - Safari Zone Center, 20% encounter.
D112: Melmetal | F112: Evolve Meltan (Use Metal Coat).
D113: Zacian | F113: =HYPERLINK("https://docs.google.com/spreadsheets/d/15mUFUcN8250hRL7iUOJPX0s1rMcgVuJPuHANioL4o2o/edit#gid=1403913857", "Lv. 85 - See Mystery Gifts tab.") -> Lv. 85 - See Mystery Gifts tab.
D114: Zamazenta | F114: =HYPERLINK("https://docs.google.com/spreadsheets/d/15mUFUcN8250hRL7iUOJPX0s1rMcgVuJPuHANioL4o2o/edit#gid=1403913857", "Lv. 85 - See Mystery Gifts tab.") -> Lv. 85 - See Mystery Gifts tab.
D115: Eternatus | F115: Unavailable
...

Sheet Raid Dens
C3: - In this hack, you will be able to battle Pokémon in Raid Dens. Those Dens are located in many places, and you will encounter different Pokémon depending on the Raid Den.
C5: - If the Raid Den is active, the Pokémon inside might change every hour. However, after battling the Pokémon inside, even if you lose, the Den will be deactivated. Dens regenerate after you throw a Wishing Piece inside.
C7: - The difficulty of the Raid Battle depends on the Pokémon inside the Den and the number of Stars shown in the Raid menu, ranging from 1-6 Stars. In select Dens, Legendary Pokémon may appear in 3, 4, 5 or 6-Stars Raids. The level of the Pokémon also depends on the number of Stars.
C9: - The number of Stars that a Raid Den can have depends on your Gym Badge count. The table below shows the possible number of Stars depending on Gym Badge count.
C11: 1 Gym Badge: ★
C13: 2 Gym Badges: ★ or ★★
C15: 3 Gym Badges: ★★
C17: 4 Gym Badges: ★★ or ★★★
C19: 5 Gym Badges: ★★★ or ★★★★
C21: 6 Gym Badges: ★★★★
C23: 7 Gym Badges: ★★★★ or ★★★★★
C25: 8 Gym Badges: ★★★★★
... C28: -- ROUTE 3 -- ★
C29: Meowth-Galar | F29: {=IFERROR(VLOOKUP(C29,Dex!$B$3:$N689,2,FALSE),"")} | H29: Fletchling | K29: {=IFERROR(VLOOKUP(H29,Dex!$B$3:$N689,2,FALSE),"")} | M29: Nidoran-M | P29: {=IFERROR(VLOOKUP(M29,Dex!$B$3:$N689,2,FALSE),"")} | R29: Capsakid | U29: {=IFERROR(VLOOKUP(R29,Dex!$B$3:$N689,2,FALSE),"")} | W29: Tandemaus | Z29: {=IFERROR(VLOOKUP(W29,Dex!$B$3:$N689,2,FALSE),"")}
C30: Drops: | F30: Rarity | H30: Drops: | K30: % | M30: Drops: | P30: % | R30: Drops: | U30: % | W30: Drops: | Z30: %
C31: =IMAGE("https://raw.githubusercontent.com/msikma/pokesprite/master/items/berry/oran.png",1) | D31: Oran Berry | F31: 1 | H31: =IMAGE("https://raw.githubusercontent.com/msikma/pokesprite/master/items/berry/oran.png",1) | I31: Oran Berry | K31: 1 | M31: =IMAGE("https://raw.githubusercontent.com/msikma/pokesprite/master/items/berry/oran.png",1) | N31: Oran Berry | P31: 1 | R31: =IMAGE("https://raw.githubusercontent.com/msikma/pokesprite/master/items/berry/oran.png",1) | S31: Oran Berry | U31: 1 | W31: =IMAGE("https://raw.githubusercontent.com/msikma/pokesprite/master/items/berry/oran.png",1) | X31: Oran Berry | Z31: 1
C32: =IMAGE("https://raw.githubusercontent.com/msikma/pokesprite/master/items-outline/valuable-item/stardust.png",1) | D32: Stardust | F32: 0.8 | H32: =IMAGE("https://raw.githubusercontent.com/msikma/pokesprite/master/items-outline/valuable-item/stardust.png",1) | I32: Stardust | K32: 0.8 | M32: =IMAGE("https://raw.githubusercontent.com/msikma/pokesprite/master/items-outline/valuable-item/stardust.png",1) | N32: Stardust | P32: 0.8 | R32: =IMAGE("https://raw.githubusercontent.com/msikma/pokesprite/master/items-outline/valuable-item/stardust.png",1) | S32: Stardust | U32: 0.8 | W32: =IMAGE("https://raw.githubusercontent.com/msikma/pokesprite/master/items-outline/valuable-item/stardust.png",1) | X32: Stardust | Z32: 0.8
C33: =IMAGE("https://raw.githubusercontent.com/msikma/pokesprite/master/items-outline/medicine/muscle-wing.png",1) | D33: Muscle Wing | F33: 0.8 | H33: =IMAGE("https://raw.githubusercontent.com/msikma/pokesprite/master/items-outline/medicine/muscle-wing.png",1) | I33: Muscle Wing | K33: 0.8 | M33: =IMAGE("https://raw.githubusercontent.com/msikma/pokesprite/master/items-outline/medicine/muscle-wing.png",1) | N33: Muscle Wing | P33: 0.8 | R33: =IMAGE("https://raw.githubusercontent.com/msikma/pokesprite/master/items-outline/medicine/muscle-wing.png",1) | S33: Muscle Wing | U33: 0.8 | W33: =IMAGE("https://raw.githubusercontent.com/msikma/pokesprite/master/items-outline/medicine/muscle-wing.png",1) | X33: Muscle Wing | Z33: 0.8
C34: =IMAGE("https://raw.githubusercontent.com/msikma/pokesprite/master/items-outline/berry/chesto.png",1) | D34: Chesto Berry | F34: 0.5 | H34: =IMAGE("https://raw.githubusercontent.com/msikma/pokesprite/master/items-outline/berry/chesto.png",1) | I34: Chesto Berry | K34: 0.5 | M34: =IMAGE("https://raw.githubusercontent.com/msikma/pokesprite/master/items-outline/berry/chesto.png",1) | N34: Chesto Berry | P34: 0.5 | R34: =IMAGE("https://raw.githubusercontent.com/msikma/pokesprite/master/items-outline/berry/chesto.png",1) | S34: Chesto Berry | U34: 0.5 | W34: — | X34: — | Z34: —
C35: =IMAGE("https://raw.githubusercontent.com/msikma/pokesprite/master/items-outline/berry/coba.png",1) | D35: Coba Berry | F35: 0.5 | H35: =IMAGE("https://raw.githubusercontent.com/msikma/pokesprite/master/items-outline/berry/coba.png",1) | I35: Coba Berry | K35: 0.5 | M35: =IMAGE("https://raw.githubusercontent.com/msikma/pokesprite/master/items-outline/berry/coba.png",1) | N35: Coba Berry | P35: 0.5 | R35: =IMAGE("https://raw.githubusercontent.com/msikma/pokesprite/master/items-outline/berry/coba.png",1) | S35: Coba Berry | U35: 0.5 | W35: =IMAGE("https://raw.githubusercontent.com/msikma/pokesprite/master/items-outline/berry/coba.png",1) | X35: Coba Berry | Z35: 0.5
C36: =IMAGE("https://raw.githubusercontent.com/msikma/pokesprite/master/items-outline/medicine/berry-juice.png",1) | D36: Berry Juice | F36: 0.3 | H36: =IMAGE("https://raw.githubusercontent.com/msikma/pokesprite/master/items-outline/medicine/berry-juice.png",1) | I36: Berry Juice | K36: 0.3 | M36: =IMAGE("https://raw.githubusercontent.com/msikma/pokesprite/master/items-outline/medicine/berry-juice.png",1) | N36: Berry Juice | P36: 0.3 | R36: =IMAGE("https://raw.githubusercontent.com/msikma/pokesprite/master/items-outline/medicine/berry-juice.png",1) | S36: Berry Juice | U36: 0.3 | W36: =IMAGE("https://raw.githubusercontent.com/msikma/pokesprite/master/items-outline/berry/sitrus.png",1) | X36: Sitrus Berry | Z36: 0.3
C37: =IMAGE("https://raw.githubusercontent.com/msikma/pokesprite/master/items-outline/ball/heal.png",1) | D37: Heal Ball | F37: 0.3 | H37: =IMAGE("https://raw.githubusercontent.com/msikma/pokesprite/master/items-outline/ball/heal.png",1) | I37: Heal Ball | K37: 0.3 | M37: =IMAGE("https://raw.githubusercontent.com/msikma/pokesprite/master/items-outline/ball/heal.png",1) | N37: Heal Ball | P37: 0.3 | R37: =IMAGE("https://raw.githubusercontent.com/msikma/pokesprite/master/items-outline/ball/heal.png",1) | S37: Heal Ball | U37: 0.3 | W37: =IMAGE("https://raw.githubusercontent.com/msikma/pokesprite/master/items-outline/ball/heal.png",1) | X37: Heal Ball | Z37: 0.3
C38: =IMAGE("https://raw.githubusercontent.com/msikma/pokesprite/master/items-outline/berry/leppa.png",1) | D38: Leppa Berry | F38: 0.25 | H38: =IMAGE("https://raw.githubusercontent.com/msikma/pokesprite/master/items-outline/berry/leppa.png",1) | I38: Leppa Berry | K38: 0.25 | M38: =IMAGE("https://raw.githubusercontent.com/msikma/pokesprite/master/items-outline/berry/leppa.png",1) | N38: Leppa Berry | P38: 0.25 | R38: =IMAGE("https://raw.githubusercontent.com/msikma/pokesprite/master/items-outline/berry/leppa.png",1) | S38: Leppa Berry | U38: 0.25 | W38: =IMAGE("https://raw.githubusercontent.com/msikma/pokesprite/master/items-outline/berry/leppa.png",1) | X38: Leppa Berry | Z38: 0.25
C39: =IMAGE("https://raw.githubusercontent.com/msikma/pokesprite/master/items/other-item/wishing-piece.png",1) | D39: Wishing Piece | F39: 0.25 | H39: =IMAGE("https://raw.githubusercontent.com/msikma/pokesprite/master/items/other-item/wishing-piece.png",1) | I39: Wishing Piece | K39: 0.25 | M39: =IMAGE("https://raw.githubusercontent.com/msikma/pokesprite/master/items/other-item/wishing-piece.png",1) | N39: Wishing Piece | P39: 0.25 | R39: =IMAGE("https://raw.githubusercontent.com/msikma/pokesprite/master/items/other-item/wishing-piece.png",1) | S39: Wishing Piece | U39: 0.25 | W39: =IMAGE("https://raw.githubusercontent.com/msikma/pokesprite/master/items/other-item/wishing-piece.png",1) | X39: Wishing Piece | Z39: 0.25
C40: =IMAGE("https://raw.githubusercontent.com/msikma/pokesprite/master/items-outline/medicine/protein.png",1) | D40: Protein | F40: 0.05 | H40: =IMAGE("https://raw.githubusercontent.com/msikma/pokesprite/master/items-outline/medicine/protein.png",1) | I40: Protein | K40: 0.05 | M40: =IMAGE("https://raw.githubusercontent.com/msikma/pokesprite/master/items-outline/medicine/protein.png",1) | N40: Protein | P40: 0.05 | R40: =IMAGE("https://raw.githubusercontent.com/msikma/pokesprite/master/items-outline/medicine/protein.png",1) | S40: Protein | U40: 0.05 | W40: =IMAGE("https://raw.githubusercontent.com/msikma/pokesprite/master/items-outline/medicine/protein.png",1) | X40: Protein | Z40: 0.05
C41: =IMAGE("https://raw.githubusercontent.com/msikma/pokesprite/master/items-outline/medicine/pp-up.png",1) | D41: PP Up | F41: 0.04 | H41: =IMAGE("https://raw.githubusercontent.com/msikma/pokesprite/master/items-outline/medicine/pp-up.png",1) | I41: PP Up | K41: 0.04 | M41: =IMAGE("https://raw.githubusercontent.com/msikma/pokesprite/master/items-outline/medicine/pp-up.png",1) | N41: PP Up | P41: 0.04 | R41: =IMAGE("https://raw.githubusercontent.com/msikma/pokesprite/master/items-outline/medicine/pp-up.png",1) | S41: PP Up | U41: 0.04 | W41: =IMAGE("https://raw.githubusercontent.com/msikma/pokesprite/master/items-outline/medicine/pp-up.png",1) | X41: PP Up | Z41: 0.04
C42: =IMAGE("https://raw.githubusercontent.com/msikma/pokesprite/master/items-outline/hold-item/lucky-egg.png",1) | D42: Lucky Egg | F42: 0.01 | H42: =IMAGE("https://raw.githubusercontent.com/msikma/pokesprite/master/items-outline/hold-item/lucky-egg.png",1) | I42: Lucky Egg | K42: 0.01 | M42: =IMAGE("https://raw.githubusercontent.com/msikma/pokesprite/master/items-outline/hold-item/lucky-egg.png",1) | N42: Lucky Egg | P42: 0.01 | R42: =IMAGE("https://raw.githubusercontent.com/msikma/pokesprite/master/items-outline/hold-item/lucky-egg.png",1) | S42: Lucky Egg | U42: 0.01 | W42: =IMAGE("https://raw.githubusercontent.com/msikma/pokesprite/master/items-outline/hold-item/lucky-egg.png",1) | X42: Lucky Egg | Z42: 0.01
C43: -- ROUTE 4 -- ★
C44: Pawmi | F44: {=IFERROR(VLOOKUP(C44,Dex!$B$3:$N689,2,FALSE),"")} | H44: Tatsugiri | K44: {=IFERROR(VLOOKUP(H44,Dex!$B$3:$N689,2,FALSE),"")} | M44: Pansear | P44: {=IFERROR(VLOOKUP(M44,Dex!$B$3:$N689,2,FALSE),"")} | R44: Pansage | U44: {=IFERROR(VLOOKUP(R44,Dex!$B$3:$N689,2,FALSE),"")} | W44: Panpour | Z44: {=IFERROR(VLOOKUP(W44,Dex!$B$3:$N689,2,FALSE),"")}
C45: Drops: | F45: % | H45: Drops: | K45: % | M45: Drops: | P45: % | R45: Drops: | U45: % | W45: Drops: | Z45: %
C46: =IMAGE("https://raw.githubusercontent.com/msikma/pokesprite/master/items-outline/valuable-item/stardust.png",1) | D46: Stardust | F46: 0.8 | H46: =IMAGE("https://raw.githubusercontent.com/msikma/pokesprite/master/items-outline/valuable-item/stardust.png",1) | I46: Stardust | K46: 0.8 | M46: =IMAGE("https://raw.githubusercontent.com/msikma/pokesprite/master/items-outline/valuable-item/stardust.png",1) | N46: Stardust | P46: 0.8 | R46: =IMAGE("https://raw.githubusercontent.com/msikma/pokesprite/master/items-outline/valuable-item/stardust.png",1) | S46: Stardust | U46: 0.8 | W46: =IMAGE("https://raw.githubusercontent.com/msikma/pokesprite/master/items-outline/valuable-item/stardust.png",1) | X46: Stardust | Z46: 0.8
C47: =IMAGE("https://raw.githubusercontent.com/msikma/pokesprite/master/items-outline/medicine/genius-wing.png",1) | D47: Genius Wing | F47: 0.8 | H47: =IMAGE("https://raw.githubusercontent.com/msikma/pokesprite/master/items-outline/medicine/genius-wing.png",1) | I47: Genius Wing | K47: 0.8 | M47: =IMAGE("https://raw.githubusercontent.com/msikma/pokesprite/master/items-outline/medicine/genius-wing.png",1) | N47: Genius Wing | P47: 0.8 | R47: =IMAGE("https://raw.githubusercontent.com/msikma/pokesprite/master/items-outline/medicine/genius-wing.png",1) | S47: Genius Wing | U47: 0.8 | W47: =IMAGE("https://raw.githubusercontent.com/msikma/pokesprite/master/items-outline/medicine/genius-wing.png",1) | X47: Genius Wing | Z47: 0.8
C48: =IMAGE("https://raw.githubusercontent.com/msikma/pokesprite/master/items-outline/berry/chesto.png",1) | D48: Chesto Berry | F48: 0.5 | H48: =IMAGE("https://raw.githubusercontent.com/msikma/pokesprite/master/items-outline/berry/chesto.png",1) | I48: Chesto Berry | K48: 0.5 | M48: =IMAGE("https://raw.githubusercontent.com/msikma/pokesprite/master/items-outline/berry/chesto.png",1) | N48: Chesto Berry | P48: 0.5 | R48: =IMAGE("https://raw.githubusercontent.com/msikma/pokesprite/master/items-outline/berry/chesto.png",1) | S48: Chesto Berry | U48: 0.5 | W48: =IMAGE("https://raw.githubusercontent.com/msikma/pokesprite/master/items-outline/berry/chesto.png",1) | X48: Chesto Berry | Z48: 0.5
C49: =IMAGE("https://raw.githubusercontent.com/msikma/pokesprite/master/items-outline/berry/colbur.png",1) | D49: Colbur Berry | F49: 0.5 | H49: =IMAGE("https://raw.githubusercontent.com/msikma/pokesprite/master/items-outline/berry/colbur.png",1) | I49: Colbur Berry | K49: 0.5 | M49: =IMAGE("https://raw.githubusercontent.com/msikma/pokesprite/master/items-outline/berry/colbur.png",1) | N49: Colbur Berry | P49: 0.5 | R49: =IMAGE("https://raw.githubusercontent.com/msikma/pokesprite/master/items-outline/berry/colbur.png",1) | S49: Colbur Berry | U49: 0.5 | W49: =IMAGE("https://raw.githubusercontent.com/msikma/pokesprite/master/items-outline/berry/colbur.png",1) | X49: Colbur Berry | Z49: 0.5
C50: =IMAGE("https://raw.githubusercontent.com/msikma/pokesprite/master/items-outline/berry/sitrus.png",1) | D50: Sitrus Berry | F50: 0.3 | H50: =IMAGE("https://raw.githubusercontent.com/msikma/pokesprite/master/items-outline/berry/sitrus.png",1) | I50: Sitrus Berry | K50: 0.3 | M50: =IMAGE("https://raw.githubusercontent.com/msikma/pokesprite/master/items-outline/berry/sitrus.png",1) | N50: Sitrus Berry | P50: 0.3 | R50: =IMAGE("https://raw.githubusercontent.com/msikma/pokesprite/master/items-outline/berry/sitrus.png",1) | S50: Sitrus Berry | U50: 0.3 | W50: =IMAGE("https://raw.githubusercontent.com/msikma/pokesprite/master/items-outline/berry/sitrus.png",1) | X50: Sitrus Berry | Z50: 0.3
C51: =IMAGE("https://raw.githubusercontent.com/msikma/pokesprite/master/items-outline/ball/heal.png",1) | D51: Heal Ball | F51: 0.3 | H51: =IMAGE("https://raw.githubusercontent.com/msikma/pokesprite/master/items-outline/ball/heal.png",1) | I51: Heal Ball | K51: 0.3 | M51: =IMAGE("https://raw.githubusercontent.com/msikma/pokesprite/master/items-outline/ball/heal.png",1) | N51: Heal Ball | P51: 0.3 | R51: =IMAGE("https://raw.githubusercontent.com/msikma/pokesprite/master/items-outline/ball/heal.png",1) | S51: Heal Ball | U51: 0.3 | W51: =IMAGE("https://raw.githubusercontent.com/msikma/pokesprite/master/items-outline/ball/heal.png",1) | X51: Heal Ball | Z51: 0.3
C52: =IMAGE("https://raw.githubusercontent.com/msikma/pokesprite/master/items-outline/berry/leppa.png",1) | D52: Leppa Berry | F52: 0.25 | H52: =IMAGE("https://raw.githubusercontent.com/msikma/pokesprite/master/items-outline/berry/leppa.png",1) | I52: Leppa Berry | K52: 0.25 | M52: =IMAGE("https://raw.githubusercontent.com/msikma/pokesprite/master/items-outline/berry/leppa.png",1) | N52: Leppa Berry | P52: 0.25 | R52: =IMAGE("https://raw.githubusercontent.com/msikma/pokesprite/master/items-outline/berry/leppa.png",1) | S52: Leppa Berry | U52: 0.25 | W52: =IMAGE("https://raw.githubusercontent.com/msikma/pokesprite/master/items-outline/berry/leppa.png",1) | X52: Leppa Berry | Z52: 0.25
D53: Wishing Piece | F53: 0.25 | H53: =IMAGE("https://raw.githubusercontent.com/msikma/pokesprite/master/items/other-item/wishing-piece.png",1) | I53: Wishing Piece | K53: 0.25 | M53: =IMAGE("https://raw.githubusercontent.com/msikma/pokesprite/master/items/other-item/wishing-piece.png",1) | N53: Wishing Piece | P53: 0.25 | R53: =IMAGE("https://raw.githubusercontent.com/msikma/pokesprite/master/items/other-item/wishing-piece.png",1) | S53: Wishing Piece | U53: 0.25 | W53: =IMAGE("https://raw.githubusercontent.com/msikma/pokesprite/master/items/other-item/wishing-piece.png",1) | X53: Wishing Piece | Z53: 0.25
C54: =IMAGE("https://raw.githubusercontent.com/msikma/pokesprite/master/items-outline/medicine/calcium.png",1) | D54: Calcium | F54: 0.05 | H54: =IMAGE("https://raw.githubusercontent.com/msikma/pokesprite/master/items-outline/medicine/calcium.png",1) | I54: Calcium | K54: 0.05 | M54: =IMAGE("https://raw.githubusercontent.com/msikma/pokesprite/master/items-outline/medicine/calcium.png",1) | N54: Calcium | P54: 0.05 | R54: =IMAGE("https://raw.githubusercontent.com/msikma/pokesprite/master/items-outline/medicine/calcium.png",1) | S54: Calcium | U54: 0.05 | W54: =IMAGE("https://raw.githubusercontent.com/msikma/pokesprite/master/items-outline/medicine/calcium.png",1) | X54: Calcium | Z54: 0.05
C55: =IMAGE("https://raw.githubusercontent.com/msikma/pokesprite/master/items-outline/medicine/pp-up.png",1) | D55: PP Up | F55: 0.04 | H55: =IMAGE("https://raw.githubusercontent.com/msikma/pokesprite/master/items-outline/medicine/pp-up.png",1) | I55: PP Up | K55: 0.04 | M55: =IMAGE("https://raw.githubusercontent.com/msikma/pokesprite/master/items-outline/medicine/pp-up.png",1) | N55: PP Up | P55: 0.04 | R55: =IMAGE("https://raw.githubusercontent.com/msikma/pokesprite/master/items-outline/medicine/pp-up.png",1) | S55: PP Up | U55: 0.04 | W55: =IMAGE("https://raw.githubusercontent.com/msikma/pokesprite/master/items-outline/medicine/pp-up.png",1) | X55: PP Up | Z55: 0.04
C56: =IMAGE("https://raw.githubusercontent.com/msikma/pokesprite/master/items-outline/hold-item/lucky-egg.png",1) | D56: Lucky Egg | F56: 0.01 | H56: =IMAGE("https://raw.githubusercontent.com/msikma/pokesprite/master/items-outline/hold-item/lucky-egg.png",1) | I56: Lucky Egg | K56: 0.01 | M56: =IMAGE("https://raw.githubusercontent.com/msikma/pokesprite/master/items-outline/hold-item/lucky-egg.png",1) | N56: Lucky Egg | P56: 0.01 | R56: =IMAGE("https://raw.githubusercontent.com/msikma/pokesprite/master/items-outline/hold-item/lucky-egg.png",1) | S56: Lucky Egg | U56: 0.01 | W56: =IMAGE("https://raw.githubusercontent.com/msikma/pokesprite/master/items-outline/hold-item/lucky-egg.png",1) | X56: Lucky Egg | Z56: 0.01
C57: -- MT. MOON -- ★
C58: Cetoddle | F58: {=IFERROR(VLOOKUP(C58,Dex!$B$3:$N689,2,FALSE),"")} | H58: Cufant | K58: {=IFERROR(VLOOKUP(H58,Dex!$B$3:$N689,2,FALSE),"")} | M58: Lunatone | P58: {=IFERROR(VLOOKUP(M58,Dex!$B$3:$N689,2,FALSE),"")} | R58: Magnemite | U58: {=IFERROR(VLOOKUP(R58,Dex!$B$3:$N689,2,FALSE),"")} | W58: Varoom | Z58: {=IFERROR(VLOOKUP(W58,Dex!$B$3:$N689,2,FALSE),"")}
C59: Drops: | F59: % | H59: Drops: | K59: % | M59: Drops: | P59: % | R59: Drops: | U59: % | W59: Drops: | Z59: %
C60: =IMAGE("https://raw.githubusercontent.com/msikma/pokesprite/master/items-outline/medicine/swift-wing.png",1) | D60: Swift Wing | F60: 0.8 | H60: =IMAGE("https://raw.githubusercontent.com/msikma/pokesprite/master/items-outline/medicine/swift-wing.png",1) | I60: Swift Wing | K60: 0.8 | M60: =IMAGE("https://raw.githubusercontent.com/msikma/pokesprite/master/items-outline/medicine/swift-wing.png",1) | N60: Swift Wing | P60: 0.8 | R60: =IMAGE("https://raw.githubusercontent.com/msikma/pokesprite/master/items-outline/medicine/swift-wing.png",1) | S60: Swift Wing | U60: 0.8 | W60: =IMAGE("https://raw.githubusercontent.com/msikma/pokesprite/master/items-outline/medicine/swift-wing.png",1) | X60: Swift Wing | Z60: 0.8
C61: =IMAGE("https://raw.githubusercontent.com/msikma/pokesprite/master/items-outline/valuable-item/stardust.png",1) | D61: Stardust | F61: 0.8 | H61: =IMAGE("https://raw.githubusercontent.com/msikma/pokesprite/master/items-outline/valuable-item/stardust.png",1) | I61: Stardust | K61: 0.8 | M61: =IMAGE("https://raw.githubusercontent.com/msikma/pokesprite/master/items-outline/valuable-item/stardust.png",1) | N61: Stardust | P61: 0.8 | R61: =IMAGE("https://raw.githubusercontent.com/msikma/pokesprite/master/items-outline/valuable-item/stardust.png",1) | S61: Stardust | U61: 0.8 | W61: =IMAGE("https://raw.githubusercontent.com/msikma/pokesprite/master/items-outline/valuable-item/stardust.png",1) | X61: Stardust | Z61: 0.8
C62: =IMAGE("https://raw.githubusercontent.com/msikma/pokesprite/master/items-outline/berry/charti.png",1) | D62: Charti Berry | F62: 0.5 | H62: =IMAGE("https://raw.githubusercontent.com/msikma/pokesprite/master/items-outline/berry/charti.png",1) | I62: Charti Berry | K62: 0.5 | M62: =IMAGE("https://raw.githubusercontent.com/msikma/pokesprite/master/items-outline/berry/charti.png",1) | N62: Charti Berry | P62: 0.5 | R62: =IMAGE("https://raw.githubusercontent.com/msikma/pokesprite/master/items-outline/berry/charti.png",1) | S62: Charti Berry | U62: 0.5 | W62: =IMAGE("https://raw.githubusercontent.com/msikma/pokesprite/master/items-outline/berry/charti.png",1) | X62: Charti Berry | Z62: 0.5
C63: =IMAGE("https://raw.githubusercontent.com/msikma/pokesprite/master/items-outline/medicine/swift-wing.png",1) | D63: Swift Wing | F63: 0.5 | H63: =IMAGE("https://raw.githubusercontent.com/msikma/pokesprite/master/items-outline/medicine/swift-wing.png",1) | I63: Swift Wing | K63: 0.5 | M63: =IMAGE("https://raw.githubusercontent.com/msikma/pokesprite/master/items-outline/medicine/swift-wing.png",1) | N63: Swift Wing | P63: 0.5 | R63: =IMAGE("https://raw.githubusercontent.com/msikma/pokesprite/master/items-outline/medicine/swift-wing.png",1) | S63: Swift Wing | U63: 0.5 | W63: =IMAGE("https://raw.githubusercontent.com/msikma/pokesprite/master/items-outline/medicine/swift-wing.png",1) | X63: Swift Wing | Z63: 0.5
C64: =IMAGE("https://raw.githubusercontent.com/msikma/pokesprite/master/items-outline/berry/sitrus.png",1) | D64: Sitrus Berry | F64: 0.3 | H64: =IMAGE("https://raw.githubusercontent.com/msikma/pokesprite/master/items-outline/berry/sitrus.png",1) | I64: Sitrus Berry | K64: 0.3 | M64: =IMAGE("https://raw.githubusercontent.com/msikma/pokesprite/master/items-outline/berry/sitrus.png",1) | N64: Sitrus Berry | P64: 0.3 | R64: =IMAGE("https://raw.githubusercontent.com/msikma/pokesprite/master/items-outline/berry/sitrus.png",1) | S64: Sitrus Berry | U64: 0.3 | W64: =IMAGE("https://raw.githubusercontent.com/msikma/pokesprite/master/items-outline/berry/sitrus.png",1) | X64: Sitrus Berry | Z64: 0.3
C65: =IMAGE("https://raw.githubusercontent.com/msikma/pokesprite/master/items-outline/evo-item/moon-stone.png",1) | D65: Moon Stone | F65: 0.3 | H65: =IMAGE("https://raw.githubusercontent.com/msikma/pokesprite/master/items-outline/evo-item/moon-stone.png",1) | I65: Moon Stone | K65: 0.3 | M65: =IMAGE("https://raw.githubusercontent.com/msikma/pokesprite/master/items-outline/evo-item/moon-stone.png",1) | N65: Moon Stone | P65: 0.3 | R65: =IMAGE("https://raw.githubusercontent.com/msikma/pokesprite/master/items-outline/evo-item/moon-stone.png",1) | S65: Moon Stone | U65: 0.3 | W65: =IMAGE("https://raw.githubusercontent.com/msikma/pokesprite/master/items-outline/evo-item/moon-stone.png",1) | X65: Moon Stone | Z65: 0.3
C66: =IMAGE("https://raw.githubusercontent.com/msikma/pokesprite/master/items-outline/berry/leppa.png",1) | D66: Leppa Berry | F66: 0.25 | H66: =IMAGE("https://raw.githubusercontent.com/msikma/pokesprite/master/items-outline/berry/leppa.png",1) | I66: Leppa Berry | K66: 0.25 | M66: =IMAGE("https://raw.githubusercontent.com/msikma/pokesprite/master/items-outline/berry/leppa.png",1) | N66: Leppa Berry | P66: 0.25 | R66: =IMAGE("https://raw.githubusercontent.com/msikma/pokesprite/master/items-outline/berry/leppa.png",1) | S66: Leppa Berry | U66: 0.25 | W66: =IMAGE("https://raw.githubusercontent.com/msikma/pokesprite/master/items-outline/berry/leppa.png",1) | X66: Leppa Berry | Z66: 0.25
C67: =IMAGE("https://raw.githubusercontent.com/msikma/pokesprite/master/items/other-item/wishing-piece.png",1) | D67: Wishing Piece | F67: 0.25 | H67: =IMAGE("https://raw.githubusercontent.com/msikma/pokesprite/master/items/other-item/wishing-piece.png",1) | I67: Wishing Piece | K67: 0.25 | M67: =IMAGE("https://raw.githubusercontent.com/msikma/pokesprite/master/items/other-item/wishing-piece.png",1) | N67: Wishing Piece | P67: 0.25 | R67: =IMAGE("https://raw.githubusercontent.com/msikma/pokesprite/master/items/other-item/wishing-piece.png",1) | S67: Wishing Piece | U67: 0.25 | W67: =IMAGE("https://raw.githubusercontent.com/msikma/pokesprite/master/items/other-item/wishing-piece.png",1) | X67: Wishing Piece | Z67: 0.25
C68: =IMAGE("https://raw.githubusercontent.com/msikma/pokesprite/master/items-outline/medicine/carbos.png",1) | D68: Carbos | F68: 0.05 | H68: =IMAGE("https://raw.githubusercontent.com/msikma/pokesprite/master/items-outline/medicine/carbos.png",1) | I68: Carbos | K68: 0.05 | M68: =IMAGE("https://raw.githubusercontent.com/msikma/pokesprite/master/items-outline/medicine/carbos.png",1) | N68: Carbos | P68: 0.05 | R68: =IMAGE("https://raw.githubusercontent.com/msikma/pokesprite/master/items-outline/medicine/carbos.png",1) | S68: Carbos | U68: 0.05 | W68: =IMAGE("https://raw.githubusercontent.com/msikma/pokesprite/master/items-outline/medicine/carbos.png",1) | X68: Carbos | Z68: 0.05
C69: =IMAGE("https://raw.githubusercontent.com/msikma/pokesprite/master/items-outline/medicine/pp-up.png",1) | D69: PP Up | F69: 0.04 | H69: =IMAGE("https://raw.githubusercontent.com/msikma/pokesprite/master/items-outline/medicine/pp-up.png",1) | I69: PP Up | K69: 0.04 | M69: =IMAGE("https://raw.githubusercontent.com/msikma/pokesprite/master/items-outline/medicine/pp-up.png",1) | N69: PP Up | P69: 0.04 | R69: =IMAGE("https://raw.githubusercontent.com/msikma/pokesprite/master/items-outline/medicine/pp-up.png",1) | S69: PP Up | U69: 0.04 | W69: =IMAGE("https://raw.githubusercontent.com/msikma/pokesprite/master/items-outline/medicine/pp-up.png",1) | X69: PP Up | Z69: 0.04
C70: =IMAGE("https://raw.githubusercontent.com/msikma/pokesprite/master/items-outline/hold-item/lucky-egg.png",1) | D70: Lucky Egg | F70: 0.01 | H70: =IMAGE("https://raw.githubusercontent.com/msikma/pokesprite/master/items-outline/hold-item/lucky-egg.png",1) | I70: Lucky Egg | K70: 0.01 | M70: =IMAGE("https://raw.githubusercontent.com/msikma/pokesprite/master/items-outline/hold-item/lucky-egg.png",1) | N70: Lucky Egg | P70: 0.01 | R70: =IMAGE("https://raw.githubusercontent.com/msikma/pokesprite/master/items-outline/hold-item/lucky-egg.png",1) | S70: Lucky Egg | U70: 0.01 | W70: =IMAGE("https://raw.githubusercontent.com/msikma/pokesprite/master/items-outline/hold-item/lucky-egg.png",1) | X70: Lucky Egg | Z70: 0.01
C71: -- ROUTE 24 -- ★
C72: Shroodle | F72: {=IFERROR(VLOOKUP(C72,Dex!$B$3:$N689,2,FALSE),"")} | H72: Abra | K72: {=IFERROR(VLOOKUP(H72,Dex!$B$3:$N689,2,FALSE),"")} | M72: Charcadet | P72: {=IFERROR(VLOOKUP(M72,Dex!$B$3:$N689,2,FALSE),"")} | R72: Applin | U72: {=IFERROR(VLOOKUP(R72,Dex!$B$3:$N689,2,FALSE),"")} | W72: Lotad | Z72: {=IFERROR(VLOOKUP(W72,Dex!$B$3:$N689,2,FALSE),"")}
C73: Drops: | F73: % | H73: Drops: | K73: % | M73: Drops: | P73: % | R73: Drops: | U73: % | W73: Drops: | Z73: %
C74: =IMAGE("https://raw.githubusercontent.com/msikma/pokesprite/master/items-outline/valuable-item/stardust.png",1) | D74: Stardust | F74: 0.8 | H74: =IMAGE("https://raw.githubusercontent.com/msikma/pokesprite/master/items-outline/valuable-item/stardust.png",1) | I74: Stardust | K74: 0.8 | M74: =IMAGE("https://raw.githubusercontent.com/msikma/pokesprite/master/items-outline/valuable-item/stardust.png",1) | N74: Stardust | P74: 0.8 | R74: =IMAGE("https://raw.githubusercontent.com/msikma/pokesprite/master/items-outline/valuable-item/stardust.png",1) | S74: Stardust | U74: 0.8 | W74: =IMAGE("https://raw.githubusercontent.com/msikma/pokesprite/master/items-outline/valuable-item/stardust.png",1) | X74: Stardust | Z74: 0.8
C75: =IMAGE("https://raw.githubusercontent.com/msikma/pokesprite/master/items-outline/medicine/health-wing.png",1) | D75: Health Wing | F75: 0.8 | H75: =IMAGE("https://raw.githubusercontent.com/msikma/pokesprite/master/items-outline/medicine/health-wing.png",1) | I75: Health Wing | K75: 0.8 | M75: =IMAGE("https://raw.githubusercontent.com/msikma/pokesprite/master/items-outline/medicine/health-wing.png",1) | N75: Health Wing | P75: 0.8 | R75: =IMAGE("https://raw.githubusercontent.com/msikma/pokesprite/master/items-outline/medicine/health-wing.png",1) | S75: Health Wing | U75: 0.8 | W75: =IMAGE("https://raw.githubusercontent.com/msikma/pokesprite/master/items-outline/medicine/health-wing.png",1) | X75: Health Wing | Z75: 0.8
D76: Wishing Piece | F76: 0.5 | I76: Wishing Piece | K76: 0.5 | N76: Wishing Piece | P76: 0.5 | S76: Wishing Piece | U76: 0.5 | X76: Wishing Piece | Z76: 0.5
C77: =IMAGE("https://raw.githubusercontent.com/msikma/pokesprite/master/items-outline/berry/sitrus.png",1) | D77: Sitrus Berry | F77: 0.3 | H77: =IMAGE("https://raw.githubusercontent.com/msikma/pokesprite/master/items-outline/berry/sitrus.png",1) | I77: Sitrus Berry | K77: 0.3 | M77: =IMAGE("https://raw.githubusercontent.com/msikma/pokesprite/master/items-outline/berry/sitrus.png",1) | N77: Sitrus Berry | P77: 0.3 | R77: =IMAGE("https://raw.githubusercontent.com/msikma/pokesprite/master/items-outline/berry/sitrus.png",1) | S77: Sitrus Berry | U77: 0.3 | W77: =IMAGE("https://raw.githubusercontent.com/msikma/pokesprite/master/items-outline/berry/sitrus.png",1) | X77: Sitrus Berry | Z77: 0.3
C78: =IMAGE("https://raw.githubusercontent.com/msikma/pokesprite/master/items-outline/berry/passho.png",1) | D78: Passho Berry | F78: 0.3 | H78: =IMAGE("https://raw.githubusercontent.com/msikma/pokesprite/master/items-outline/berry/passho.png",1) | I78: Passho Berry | K78: 0.3 | M78: =IMAGE("https://raw.githubusercontent.com/msikma/pokesprite/master/items-outline/berry/passho.png",1) | N78: Passho Berry | P78: 0.3 | R78: =IMAGE("https://raw.githubusercontent.com/msikma/pokesprite/master/items-outline/berry/passho.png",1) | S78: Passho Berry | U78: 0.3 | W78: =IMAGE("https://raw.githubusercontent.com/msikma/pokesprite/master/items-outline/berry/passho.png",1) | X78: Passho Berry | Z78: 0.3
C79: =IMAGE("https://raw.githubusercontent.com/msikma/pokesprite/master/items-outline/berry/leppa.png",1) | D79: Leppa Berry | F79: 0.25 | H79: =IMAGE("https://raw.githubusercontent.com/msikma/pokesprite/master/items-outline/berry/leppa.png",1) | I79: Leppa Berry | K79: 0.25 | M79: =IMAGE("https://raw.githubusercontent.com/msikma/pokesprite/master/items-outline/berry/leppa.png",1) | N79: Leppa Berry | P79: 0.25 | R79: =IMAGE("https://raw.githubusercontent.com/msikma/pokesprite/master/items-outline/berry/leppa.png",1) | S79: Leppa Berry | U79: 0.25 | W79: =IMAGE("https://raw.githubusercontent.com/msikma/pokesprite/master/items-outline/berry/leppa.png",1) | X79: Leppa Berry | Z79: 0.25
C80: =IMAGE("https://raw.githubusercontent.com/msikma/pokesprite/master/items-outline/valuable-item/nugget.png",1) | D80: Nugget | F80: 0.25 | H80: =IMAGE("https://raw.githubusercontent.com/msikma/pokesprite/master/items-outline/valuable-item/nugget.png",1) | I80: Nugget | K80: 0.25 | M80: =IMAGE("https://raw.githubusercontent.com/msikma/pokesprite/master/items-outline/valuable-item/nugget.png",1) | N80: Nugget | P80: 0.25 | R80: =IMAGE("https://raw.githubusercontent.com/msikma/pokesprite/master/items-outline/valuable-item/nugget.png",1) | S80: Nugget | U80: 0.25 | W80: =IMAGE("https://raw.githubusercontent.com/msikma/pokesprite/master/items-outline/valuable-item/nugget.png",1) | X80: Nugget | Z80: 0.25
C81: =IMAGE("https://raw.githubusercontent.com/msikma/pokesprite/master/items-outline/medicine/hp-up.png",1) | D81: HP Up | F81: 0.05 | H81: =IMAGE("https://raw.githubusercontent.com/msikma/pokesprite/master/items-outline/medicine/hp-up.png",1) | I81: HP Up | K81: 0.05 | M81: =IMAGE("https://raw.githubusercontent.com/msikma/pokesprite/master/items-outline/medicine/hp-up.png",1) | N81: HP Up | P81: 0.05 | R81: =IMAGE("https://raw.githubusercontent.com/msikma/pokesprite/master/items-outline/medicine/hp-up.png",1) | S81: HP Up | U81: 0.05 | W81: =IMAGE("https://raw.githubusercontent.com/msikma/pokesprite/master/items-outline/medicine/hp-up.png",1) | X81: HP Up | Z81: 0.05
C82: =IMAGE("https://raw.githubusercontent.com/msikma/pokesprite/master/items-outline/medicine/pp-up.png",1) | D82: PP Up | F82: 0.04 | H82: =IMAGE("https://raw.githubusercontent.com/msikma/pokesprite/master/items-outline/medicine/pp-up.png",1) | I82: PP Up | K82: 0.04 | M82: =IMAGE("https://raw.githubusercontent.com/msikma/pokesprite/master/items-outline/medicine/pp-up.png",1) | N82: PP Up | P82: 0.04 | R82: =IMAGE("https://raw.githubusercontent.com/msikma/pokesprite/master/items-outline/medicine/pp-up.png",1) | S82: PP Up | U82: 0.04 | W82: =IMAGE("https://raw.githubusercontent.com/msikma/pokesprite/master/items-outline/medicine/pp-up.png",1) | X82: PP Up | Z82: 0.04
C83: =IMAGE("https://raw.githubusercontent.com/msikma/pokesprite/master/items-outline/hold-item/lucky-egg.png",1) | D83: Lucky Egg | F83: 0.01 | H83: =IMAGE("https://raw.githubusercontent.com/msikma/pokesprite/master/items-outline/hold-item/lucky-egg.png",1) | I83: Lucky Egg | K83: 0.01 | M83: =IMAGE("https://raw.githubusercontent.com/msikma/pokesprite/master/items-outline/hold-item/lucky-egg.png",1) | N83: Lucky Egg | P83: 0.01 | R83: =IMAGE("https://raw.githubusercontent.com/msikma/pokesprite/master/items-outline/hold-item/lucky-egg.png",1) | S83: Lucky Egg | U83: 0.01 | W83: =IMAGE("https://raw.githubusercontent.com/msikma/pokesprite/master/items-outline/hold-item/lucky-egg.png",1) | X83: Lucky Egg | Z83: 0.01
C84: -- ROUTE 25 -- ★
C85: Tadbulb | F85: {=IFERROR(VLOOKUP(C85,Dex!$B$3:$N689,2,FALSE),"")} | H85: Psyduck | K85: {=IFERROR(VLOOKUP(H85,Dex!$B$3:$N689,2,FALSE),"")} | M85: Klawf | P85: {=IFERROR(VLOOKUP(M85,Dex!$B$3:$N689,2,FALSE),"")} | R85: Milcery | U85: {=IFERROR(VLOOKUP(R85,Dex!$B$3:$N689,2,FALSE),"")} | W85: Clauncher | Z85: {=IFERROR(VLOOKUP(W85,Dex!$B$3:$N689,2,FALSE),"")}
C86: Drops: | F86: % | H86: Drops: | K86: % | M86: Drops: | P86: % | R86: Drops: | U86: % | W86: Drops: | Z86: %
C87: =IMAGE("https://raw.githubusercontent.com/msikma/pokesprite/master/items-outline/ball/quick.png",1) | D87: Quick Ball | F87: 1 | H87: =IMAGE("https://raw.githubusercontent.com/msikma/pokesprite/master/items-outline/ball/quick.png",1) | I87: Quick Ball | K87: 1 | M87: =IMAGE("https://raw.githubusercontent.com/msikma/pokesprite/master/items-outline/ball/quick.png",1) | N87: Quick Ball | P87: 1 | R87: =IMAGE("https://raw.githubusercontent.com/msikma/pokesprite/master/items-outline/ball/quick.png",1) | S87: Quick Ball | U87: 1 | W87: =IMAGE("https://raw.githubusercontent.com/msikma/pokesprite/master/items-outline/ball/quick.png",1) | X87: Quick Ball | Z87: 1
C88: =IMAGE("https://raw.githubusercontent.com/msikma/pokesprite/master/items-outline/valuable-item/stardust.png",1) | D88: Stardust | F88: 0.8 | H88: =IMAGE("https://raw.githubusercontent.com/msikma/pokesprite/master/items-outline/valuable-item/stardust.png",1) | I88: Stardust | K88: 0.8 | M88: =IMAGE("https://raw.githubusercontent.com/msikma/pokesprite/master/items-outline/valuable-item/stardust.png",1) | N88: Stardust | P88: 0.8 | R88: =IMAGE("https://raw.githubusercontent.com/msikma/pokesprite/master/items-outline/valuable-item/stardust.png",1) | S88: Stardust | U88: 0.8 | W88: =IMAGE("https://raw.githubusercontent.com/msikma/pokesprite/master/items-outline/valuable-item/stardust.png",1) | X88: Stardust | Z88: 0.8
C89: =IMAGE("https://raw.githubusercontent.com/msikma/pokesprite/master/items-outline/medicine/swift-wing.png",1) | D89: Swift Wing | F89: 0.8 | H89: =IMAGE("https://raw.githubusercontent.com/msikma/pokesprite/master/items-outline/medicine/swift-wing.png",1) | I89: Swift Wing | K89: 0.8 | M89: =IMAGE("https://raw.githubusercontent.com/msikma/pokesprite/master/items-outline/medicine/swift-wing.png",1) | N89: Swift Wing | P89: 0.8 | R89: =IMAGE("https://raw.githubusercontent.com/msikma/pokesprite/master/items-outline/medicine/swift-wing.png",1) | S89: Swift Wing | U89: 0.8 | W89: =IMAGE("https://raw.githubusercontent.com/msikma/pokesprite/master/items-outline/medicine/swift-wing.png",1) | X89: Swift Wing | Z89: 0.8
D90: Wishing Piece | F90: 0.5 | I90: Wishing Piece | K90: 0.5 | N90: Wishing Piece | P90: 0.5 | S90: Wishing Piece | U90: 0.5 | X90: Wishing Piece | Z90: 0.5
C91: =IMAGE("https://raw.githubusercontent.com/msikma/pokesprite/master/items-outline/berry/sitrus.png",1) | D91: Sitrus Berry | F91: 0.3 | H91: =IMAGE("https://raw.githubusercontent.com/msikma/pokesprite/master/items-outline/berry/sitrus.png",1) | I91: Sitrus Berry | K91: 0.3 | M91: =IMAGE("https://raw.githubusercontent.com/msikma/pokesprite/master/items-outline/berry/sitrus.png",1) | N91: Sitrus Berry | P91: 0.3 | R91: =IMAGE("https://raw.githubusercontent.com/msikma/pokesprite/master/items-outline/berry/sitrus.png",1) | S91: Sitrus Berry | U91: 0.3 | W91: =IMAGE("https://raw.githubusercontent.com/msikma/pokesprite/master/items-outline/berry/sitrus.png",1) | X91: Sitrus Berry | Z91: 0.3
C92: =IMAGE("https://raw.githubusercontent.com/msikma/pokesprite/master/items-outline/berry/tanga.png",1) | D92: Tanga Berry | F92: 0.3 | H92: =IMAGE("https://raw.githubusercontent.com/msikma/pokesprite/master/items-outline/berry/tanga.png",1) | I92: Tanga Berry | K92: 0.3 | M92: =IMAGE("https://raw.githubusercontent.com/msikma/pokesprite/master/items-outline/berry/tanga.png",1) | N92: Tanga Berry | P92: 0.3 | R92: =IMAGE("https://raw.githubusercontent.com/msikma/pokesprite/master/items-outline/berry/tanga.png",1) | S92: Tanga Berry | U92: 0.3 | W92: =IMAGE("https://raw.githubusercontent.com/msikma/pokesprite/master/items-outline/berry/tanga.png",1) | X92: Tanga Berry | Z92: 0.3
C93: =IMAGE("https://raw.githubusercontent.com/msikma/pokesprite/master/items-outline/berry/leppa.png",1) | D93: Leppa Berry | F93: 0.25 | H93: =IMAGE("https://raw.githubusercontent.com/msikma/pokesprite/master/items-outline/berry/leppa.png",1) | I93: Leppa Berry | K93: 0.25 | M93: =IMAGE("https://raw.githubusercontent.com/msikma/pokesprite/master/items-outline/berry/leppa.png",1) | N93: Leppa Berry | P93: 0.25 | R93: =IMAGE("https://raw.githubusercontent.com/msikma/pokesprite/master/items-outline/berry/leppa.png",1) | S93: Leppa Berry | U93: 0.25 | W93: =IMAGE("https://raw.githubusercontent.com/msikma/pokesprite/master/items-outline/berry/leppa.png",1) | X93: Leppa Berry | Z93: 0.25
C94: =IMAGE("https://raw.githubusercontent.com/msikma/pokesprite/master/items-outline/valuable-item/nugget.png",1) | D94: Nugget | F94: 0.25 | H94: =IMAGE("https://raw.githubusercontent.com/msikma/pokesprite/master/items-outline/valuable-item/nugget.png",1) | I94: Nugget | K94: 0.25 | M94: =IMAGE("https://raw.githubusercontent.com/msikma/pokesprite/master/items-outline/valuable-item/nugget.png",1) | N94: Nugget | P94: 0.25 | R94: =IMAGE("https://raw.githubusercontent.com/msikma/pokesprite/master/items-outline/valuable-item/nugget.png",1) | S94: Nugget | U94: 0.25 | W94: =IMAGE("https://raw.githubusercontent.com/msikma/pokesprite/master/items-outline/valuable-item/nugget.png",1) | X94: Nugget | Z94: 0.25
C95: =IMAGE("https://raw.githubusercontent.com/msikma/pokesprite/master/items-outline/medicine/carbos.png",1) | D95: Carbos | F95: 0.05 | H95: =IMAGE("https://raw.githubusercontent.com/msikma/pokesprite/master/items-outline/medicine/carbos.png",1) | I95: Carbos | K95: 0.05 | M95: =IMAGE("https://raw.githubusercontent.com/msikma/pokesprite/master/items-outline/medicine/carbos.png",1) | N95: Carbos | P95: 0.05 | R95: =IMAGE("https://raw.githubusercontent.com/msikma/pokesprite/master/items-outline/medicine/carbos.png",1) | S95: Carbos | U95: 0.05 | W95: =IMAGE("https://raw.githubusercontent.com/msikma/pokesprite/master/items-outline/medicine/carbos.png",1) | X95: Carbos | Z95: 0.05
C96: =IMAGE("https://raw.githubusercontent.com/msikma/pokesprite/master/items-outline/medicine/pp-up.png",1) | D96: PP Up | F96: 0.04 | H96: =IMAGE("https://raw.githubusercontent.com/msikma/pokesprite/master/items-outline/medicine/pp-up.png",1) | I96: PP Up | K96: 0.04 | M96: =IMAGE("https://raw.githubusercontent.com/msikma/pokesprite/master/items-outline/medicine/pp-up.png",1) | N96: PP Up | P96: 0.04 | R96: =IMAGE("https://raw.githubusercontent.com/msikma/pokesprite/master/items-outline/medicine/pp-up.png",1) | S96: PP Up | U96: 0.04 | W96: =IMAGE("https://raw.githubusercontent.com/msikma/pokesprite/master/items-outline/medicine/pp-up.png",1) | X96: PP Up | Z96: 0.04
C97: =IMAGE("https://raw.githubusercontent.com/msikma/pokesprite/master/items-outline/hold-item/lucky-egg.png",1) | D97: Lucky Egg | F97: 0.01 | H97: =IMAGE("https://raw.githubusercontent.com/msikma/pokesprite/master/items-outline/hold-item/lucky-egg.png",1) | I97: Lucky Egg | K97: 0.01 | M97: =IMAGE("https://raw.githubusercontent.com/msikma/pokesprite/master/items-outline/hold-item/lucky-egg.png",1) | N97: Lucky Egg | P97: 0.01 | R97: =IMAGE("https://raw.githubusercontent.com/msikma/pokesprite/master/items-outline/hold-item/lucky-egg.png",1) | S97: Lucky Egg | U97: 0.01 | W97: =IMAGE("https://raw.githubusercontent.com/msikma/pokesprite/master/items-outline/hold-item/lucky-egg.png",1) | X97: Lucky Egg | Z97: 0.01
C98: -- ROUTE 5 -- ★
C99: Hatenna | F99: {=IFERROR(VLOOKUP(C99,Dex!$B$3:$N689,2,FALSE),"")} | H99: Flamigo | K99: {=IFERROR(VLOOKUP(H99,Dex!$B$3:$N689,2,FALSE),"")} | M99: Flittle | P99: {=IFERROR(VLOOKUP(M99,Dex!$B$3:$N689,2,FALSE),"")} | R99: Rhyhorn | U99: {=IFERROR(VLOOKUP(R99,Dex!$B$3:$N689,2,FALSE),"")} | W99: Oricorio | Z99: {=IFERROR(VLOOKUP(W99,Dex!$B$3:$N689,2,FALSE),"")}
C100: Drops: | F100: % | H100: Drops: | K100: % | M100: Drops: | P100: % | R100: Drops: | U100: % | W100: Drops: | Z100: %
C101: =IMAGE("https://raw.githubusercontent.com/msikma/pokesprite/master/items-outline/ball/quick.png",1) | D101: Quick Ball | F101: 1 | H101: =IMAGE("https://raw.githubusercontent.com/msikma/pokesprite/master/items-outline/ball/quick.png",1) | I101: Quick Ball | K101: 1 | M101: =IMAGE("https://raw.githubusercontent.com/msikma/pokesprite/master/items-outline/ball/quick.png",1) | N101: Quick Ball | P101: 1 | R101: =IMAGE("https://raw.githubusercontent.com/msikma/pokesprite/master/items-outline/ball/quick.png",1) | S101: Quick Ball | U101: 1 | W101: =IMAGE("https://raw.githubusercontent.com/msikma/pokesprite/master/items-outline/ball/quick.png",1) | X101: Quick Ball | Z101: 1
C102: =IMAGE("https://raw.githubusercontent.com/msikma/pokesprite/master/items-outline/ball/ultra.png",1) | D102: Ultra Ball | F102: 0.8 | H102: =IMAGE("https://raw.githubusercontent.com/msikma/pokesprite/master/items-outline/ball/ultra.png",1) | I102: Ultra Ball | K102: 0.8 | M102: =IMAGE("https://raw.githubusercontent.com/msikma/pokesprite/master/items-outline/ball/ultra.png",1) | N102: Ultra Ball | P102: 0.8 | R102: =IMAGE("https://raw.githubusercontent.com/msikma/pokesprite/master/items-outline/ball/ultra.png",1) | S102: Ultra Ball | U102: 0.8 | W102: =IMAGE("https://raw.githubusercontent.com/msikma/pokesprite/master/items-outline/ball/ultra.png",1) | X102: Ultra Ball | Z102: 0.8
C103: =IMAGE("https://raw.githubusercontent.com/msikma/pokesprite/master/items-outline/medicine/resist-wing.png",1) | D103: Resist Wing | F103: 0.8 | H103: =IMAGE("https://raw.githubusercontent.com/msikma/pokesprite/master/items-outline/medicine/resist-wing.png",1) | I103: Resist Wing | K103: 0.8 | M103: =IMAGE("https://raw.githubusercontent.com/msikma/pokesprite/master/items-outline/medicine/resist-wing.png",1) | N103: Resist Wing | P103: 0.8 | R103: =IMAGE("https://raw.githubusercontent.com/msikma/pokesprite/master/items-outline/medicine/resist-wing.png",1) | S103: Resist Wing | U103: 0.8 | W103: =IMAGE("https://raw.githubusercontent.com/msikma/pokesprite/master/items-outline/medicine/resist-wing.png",1) | X103: Resist Wing | Z103: 0.8
C104: =IMAGE("https://raw.githubusercontent.com/msikma/pokesprite/master/items-outline/berry/wacan.png",1) | D104: Wacan Berry | F104: 0.5 | H104: =IMAGE("https://raw.githubusercontent.com/msikma/pokesprite/master/items-outline/berry/wacan.png",1) | I104: Wacan Berry | K104: 0.5 | M104: =IMAGE("https://raw.githubusercontent.com/msikma/pokesprite/master/items-outline/berry/wacan.png",1) | N104: Wacan Berry | P104: 0.5 | R104: =IMAGE("https://raw.githubusercontent.com/msikma/pokesprite/master/items-outline/berry/wacan.png",1) | S104: Wacan Berry | U104: 0.5 | W104: =IMAGE("https://raw.githubusercontent.com/msikma/pokesprite/master/items-outline/berry/wacan.png",1) | X104: Wacan Berry | Z104: 0.5
C105: =IMAGE("https://raw.githubusercontent.com/msikma/pokesprite/master/items-outline/valuable-item/nugget.png",1) | D105: Nugget | F105: 0.3 | H105: =IMAGE("https://raw.githubusercontent.com/msikma/pokesprite/master/items-outline/valuable-item/nugget.png",1) | I105: Nugget | K105: 0.3 | M105: =IMAGE("https://raw.githubusercontent.com/msikma/pokesprite/master/items-outline/valuable-item/nugget.png",1) | N105: Nugget | P105: 0.3 | R105: =IMAGE("https://raw.githubusercontent.com/msikma/pokesprite/master/items-outline/valuable-item/nugget.png",1) | S105: Nugget | U105: 0.3 | W105: =IMAGE("https://raw.githubusercontent.com/msikma/pokesprite/master/items-outline/valuable-item/nugget.png",1) | X105: Nugget | Z105: 0.3
C106: =IMAGE("https://raw.githubusercontent.com/msikma/pokesprite/master/items/berry/sitrus.png",1) | D106: Sitrus Berry | F106: 0.3 | H106: =IMAGE("https://raw.githubusercontent.com/msikma/pokesprite/master/items/berry/sitrus.png",1) | I106: Sitrus Berry | K106: 0.3 | M106: =IMAGE("https://raw.githubusercontent.com/msikma/pokesprite/master/items/berry/sitrus.png",1) | N106: Sitrus Berry | P106: 0.3 | R106: =IMAGE("https://raw.githubusercontent.com/msikma/pokesprite/master/items/berry/sitrus.png",1) | S106: Sitrus Berry | U106: 0.3 | W106: =IMAGE("https://raw.githubusercontent.com/msikma/pokesprite/master/items/berry/sitrus.png",1) | X106: Sitrus Berry | Z106: 0.3
C107: =IMAGE("https://raw.githubusercontent.com/msikma/pokesprite/master/items-outline/medicine/ability-capsule.png",1) | D107: Ability Capsule | F107: 0.25 | H107: =IMAGE("https://raw.githubusercontent.com/msikma/pokesprite/master/items-outline/medicine/ability-capsule.png",1) | I107: Ability Capsule | K107: 0.25 | M107: =IMAGE("https://raw.githubusercontent.com/msikma/pokesprite/master/items-outline/medicine/ability-capsule.png",1) | N107: Ability Capsule | P107: 0.25 | R107: =IMAGE("https://raw.githubusercontent.com/msikma/pokesprite/master/items-outline/medicine/ability-capsule.png",1) | S107: Ability Capsule | U107: 0.25 | W107: =IMAGE("https://raw.githubusercontent.com/msikma/pokesprite/master/items-outline/medicine/ability-capsule.png",1) | X107: Ability Capsule | Z107: 0.25
D108: Wishing Piece | F108: 0.25 | I108: Wishing Piece | K108: 0.25 | N108: Wishing Piece | P108: 0.25 | S108: Wishing Piece | U108: 0.25 | X108: Wishing Piece | Z108: 0.25
C109: =IMAGE("https://raw.githubusercontent.com/msikma/pokesprite/master/items-outline/medicine/iron.png",1) | D109: Iron | F109: 0.05 | H109: =IMAGE("https://raw.githubusercontent.com/msikma/pokesprite/master/items-outline/medicine/iron.png",1) | I109: Iron | K109: 0.05 | M109: =IMAGE("https://raw.githubusercontent.com/msikma/pokesprite/master/items-outline/medicine/iron.png",1) | N109: Iron | P109: 0.05 | R109: =IMAGE("https://raw.githubusercontent.com/msikma/pokesprite/master/items-outline/medicine/iron.png",1) | S109: Iron | U109: 0.05 | W109: =IMAGE("https://raw.githubusercontent.com/msikma/pokesprite/master/items-outline/medicine/iron.png",1) | X109: Iron | Z109: 0.05
C110: =IMAGE("https://raw.githubusercontent.com/msikma/pokesprite/master/items-outline/medicine/pp-up.png",1) | D110: PP Up | F110: 0.04 | H110: =IMAGE("https://raw.githubusercontent.com/msikma/pokesprite/master/items-outline/medicine/pp-up.png",1) | I110: PP Up | K110: 0.04 | M110: =IMAGE("https://raw.githubusercontent.com/msikma/pokesprite/master/items-outline/medicine/pp-up.png",1) | N110: PP Up | P110: 0.04 | R110: =IMAGE("https://raw.githubusercontent.com/msikma/pokesprite/master/items-outline/medicine/pp-up.png",1) | S110: PP Up | U110: 0.04 | W110: =IMAGE("https://raw.githubusercontent.com/msikma/pokesprite/master/items-outline/medicine/pp-up.png",1) | X110: PP Up | Z110: 0.04
